text,label
മഞ്ചേരി എളങ്കൂർ കല്ലേംതോടിൽ ആരംഭിച്ച കലക്ഷൻ പോയിന്റിലേക്ക് ആവശ്യമുണ്ട് അരി ചാക്ക് പഞ്ചസാര ചായപ്പൊടി പയർ കടല ഓയിൽ ൽ ഉള്ളി ചാക്ക് പായ ലേഡീസ് വിയർ നാപ്കിൻ അസീസ് കല്ലേംതോട് ബാവ കല്ലേംതോട് റഷീദ് അലങ്ങാടൻ,Resource Requests
ഇടുക്കിയിൽ കനത്ത മഴ ഉരുൾപൊട്ടൽ ദുരന്തം തുടരുന്നു നാല് മരണം രക്ഷപ്പെട്ടത് പേർ,Situational Awareness
വെള്ളപ്പൊക്കം ഉണ്ടായപ്പോൾ മര്യാദക്ക് കുറേ ധന സഹായം ഒക്കെ ചെയ്തു ബിജെപിക്ക് രക്ഷപെട്ടു പോകാമായിരുന്നു തലതിരിഞ്ഞവന്മാർ ആയതു കൊണ്ട് അങ്ങനെ ഒന്നും ചെയ്തില്ല,Irrelevant
കോഴിക്കോട് പാവങ്ങാട് ദാറുസലാം ജുമാ മസ്ജിദ് ഭാരവാഹികൾക്കും പരിസരവാസികൾക്കും ബിഗ് സല്യൂട്ട്,Irrelevant
കേരളത്തിൽ നിന്ന് മഴ കർണ്ണാടകത്തിലെത്തിയതും അവർ സൈന്യത്തിന് ചുമതല കൊടുത്തു കേരളം പ്രതിപക്ഷം വരെ പറഞ്ഞിട്ടും ഇപ്പോഴും പറ്റില്ല എന്ന വാശിയിൽ ഉറച്ചു നിൽക്കുന്നു ഏറ്റവും വലിയ ദുരന്തം കേരളത്തിൽ സൈന്യം അനുസരിക്കേണ്ടത് എന്തെന്ന് പോലും അറിയാത്ത നെ,Irrelevant
നെടുമ്പാശേരി വിമാനത്താവളം ഈ മാസം വരെ അടച്ചു,Situational Awareness
ട്രെയിന് ഗതാഗതം പുനസ്ഥാപിച്ചു ട്രെയിനുകള് ഇന്ന് ഓടില്ല,Situational Awareness
അരൂക്കുറ്റി വടുതലയിലുള്ള ക്യാമ്പിലേക്ക് കുറച്ച് ചെരുപ്പ് സെബോളിൻ വാസ്ലിൻ ആവശ്യമുണ്ട് ഇവിടെ ക്ളീനിംഗിനും മറ്റു സാധനങ്ങൾ എത്തിക്കുന്നതിനുമായി കുറെ വോളന്റിയേഴ് സിനേം ആവശ്യമുണ്ട്,Resource Requests
എറണാകുളം കളക്റ്ററേറ്റ് കേന്ദ്രീകരിച്ച് വോളണ്ടിയർ വർക്ക് ചെയ്യാൻ പറ്റുന്ന ഫാർമ്മസിസ്റ്റ് ആരെങ്കിലുമുണ്ടോ വളരെ അത്യാവശ്യമാണ് നിങ്ങളുൾപ്പെട്ട ഗ്രൂപ്പുകളിൽ അന്വേഷിച്ചിട്ടായാലും സന്നദ്ധതയുള്ള ഒരാളെ,Volunteering and Donations
ഒരു ജില്ലയിൽ റെഡ് അലർട്ട് എന്നു പറഞ്ഞാൽ ജനങ്ങൾ എന്തു മനസ്സിലാക്കണം എന്തു ചെയ്യണം റെഡ് അലർട്ട് കൊടുത്തിരുന്നു എന്ന് എല്ലാവരും പൊങ്ങച്ചം പറയുന്നതുകൊണ്ട് ചോദിച്ചതാണ് ജനങ്ങൾക്ക് ശരിയായ വിവരം കൊടുക്കാതെ ഒരുപാടു ഡാമുകൾ രാത്രിയിലും മറ്റും തുറന്നു വിട്ടു എന്നതല്ലേ സത്യം,Irrelevant
അതിജീവിക്കും കേരളം,Irrelevant
മദ്ധ്യകേരളത്തില് കനത്ത മഴ പതിമൂന്ന് ജില്ലകളിലും അതീവജാഗ്രതാ നിര് ദേശം തുടരും മംഗളം,Situational Awareness
മഴ അടങ്ങുന്നു റെഡ് അലർട്ട് മൂന്നു ജില്ലകളിൽ മാത്രം,Situational Awareness
ചെറുവള്ളി എസ്റ്റേറ്റിലെ തൊഴിലാളികൾക്ക് നൽകാം ഒരുഗ്രൻ ബിഗ് സല്യൂട്ട് പ്രളയത്തിന്റെ കെടുതികളെ തുരത്താൻ ഇതില്പരം മറ്റെന്ത് ബലം വേണം,Irrelevant
കിട്ടിയോ ഇല്ലാ ചോദിച്ചു വാങ്ങി മുണ്ടക്കൈ ചൂരൽമല ഉരുൾപൊട്ടൽ ഓഡിറ്റിംഗ് പോലും കൃത്യമല്ല കേന്ദ്രത്തോട് സഹായം ആവശ്യപ്പെടുമ്പോൾ കൃത്യമായ കണക്ക് വേണം ആരെയാണ് വിഡ്ഢികളാക്കാൻ നോക്കുന്നത് രൂക്ഷവിമർശനവുമായി ഹൈക്കോടതി,Irrelevant
പെരിയാർ കവിഞ്ഞൊഴുകുന്നു കൊച്ചി നഗരത്തിൽ വെള്ളം കയറി ഗതാഗതം തടസ്സപ്പെട്ടു അമ്പത്തേഴോളം റോഡുകളിലൂടെയുള്ള യാത്ര ദുഷ്കരം,Situational Awareness
ക്യാമ്പിലേക്ക് ആവശ്യമുണ്ട് വണ്ടിവിടാം ലവ്യൂ,Resource Requests
പ്രളയം കഴിഞ്ഞു ഇതൊരു അവസരമാണ് കേരത്തെ പുതുതായി സൃഷ്ടിക്കാനുള്ള അവസരം മലയാളികൾ മുഴുവൻ ഒറ്റക്കെട്ടായി കൂടെ നിൽക്കണം,Irrelevant
ലെ വെള്ളപ്പൊക്കത്തിന് പ്രഖ്യാപിച്ച ആയിരം വീടുകൾ വച്ചുകൊടുത്തോ അപ്പോഴല്ലേ ഇൽ വെള്ളപ്പൊക്കം ഉണ്ടായത് എന്നിട്ട് ലെ വെള്ളപ്പൊക്കത്തിൽ പ്രഖ്യാപിച്ച സഹായം കൊടുത്തോ ആ സമയത്ത് അല്ലെ കോവിഡ് ഉണ്ടായത് അപ്പോൾ കോവിഡ് കാലത്ത് പറഞ്ഞ ദുരിതാശ്വാസ തുക നൽകിയോ അത്,Volunteering and Donations
ഞങ്ങളെക്കൂടി രക്ഷിക്കണേ ഈ പെണ് കുട്ടികളെ കേള് ക്കണം വിഡിയോ,Critical Rescue
വെള്ളപ്പൊക്കം മൂലം ഭക്ഷ്യ വസ്തുക്കൾ ലഭ്യമാകാത്ത സാഹചര്യത്തിലൂടെ ആണ് ഇന്ന് മരിയസദനം കടന്നുപോകുന്നത് മരിയസദനത്തിൽ ഇപ്പോൾ ൽ അധികം മാനസിക നില തകർന്ന ആളുകൾ വസിക്കുന്നുണ്ട് പ്രതിദിനം അരി,Resource Requests
ദൈവത്തിന്റെ അവതാരം ഏറ്റവും കൂടുതൽ പേരെ റെസ്ക്യൂ ചെയ്ത ഗരുഡയിൽ പറന്നെത്തിയ ദൈവത്തിന്റെ അവതാരം അമിത് സിങ് ബിഗ് സല്യൂട്ട് മാൻ,Irrelevant
മലപ്പുറത്ത് റോഡുകൾ സഞ്ചാരയോഗ്യമാകുന്നു മലപ്പുറം ജില്ലയില് പെരുമഴക്കും പ്രളയത്തിനും നേരിയ ശമനം റോഡുകളിൽ നിന്നു വെള്ളം ഒഴിഞ്ഞതിനാൽ പല മേഖലകളിലും ഗതാഗതം പുനസ് ഥാപിച്ചു വരുകയാണ്,Situational Awareness
കാലാവസ്ഥ വകുപ്പ് കനത്ത മഴ പിന്വലിച്ചപ്പോൾ കനത്ത മഴ,Situational Awareness
അരീക്കോട് ഒരു മീറ്ററിൽ അധികം വെള്ളം താഴ്ന്നിട്ടുണ്ട്ഇ പ്പോഴും വാഹന ഗതാഗതം തടസ്സപ്പെട്ടിരിക്കുവാണ് കറണ്ട് വന്നിട്ടില്ല,Situational Awareness
അരീക്കോട് കുനിയിൽ കീഴുപറമ്പ് എയർപ്പോർട്ട് റോഡിൽ പലയിടത്തും വെള്ളം കയറി ഗതാഗതം തടസ്സപ്പെട്ടിരിക്കുന്നു,Situational Awareness
ജയ്സലിന് ബിഗ് സല്യൂട്ട് വൈറലായി രക്ഷാപ്രവര് ത്തനം,Irrelevant
ബീഹാറില് വെള്ളപ്പൊക്കം മലയാളികള് കുടുങ്ങി കിടക്കുന്നു,Situational Awareness
എല്ലാ കൊല്ലവും ഓണക്കോടിയ്ക്കും ഓണാഘോഷത്തിനും ചിലവാക്കാറുള്ള കാശ് നമുക്ക് ഇത്തവണ ദുരിതാശ്വാസനിധിയിൽ കൊടുക്കാം കേരളം അതിജീവിക്കും,Irrelevant
ഇന്ത്യൻ ഗവൺമെന്റ് ലെ വയനാട് ഉരുൾപൊട്ടൽ ദുരന്തത്തിന് അവസാനം വരെയുള്ള ഏറ്റവും പുതിയ വിവരങ്ങൾ പ്രകാരം ഇനിപ്പറയുന്ന സാമ്പത്തിക സഹായം നൽകിയിട്ടുണ്ട് കോടി സാമ്പത്തിക വർഷത്തേക്കുള്ള കേരളത്തിന്റെ സ്റ്റേറ്റ് ഡിസാസ്റ്റർ റെസ്പോൺസ് ഫണ്ട് ലെ കേന്ദ്ര,Volunteering and Donations
പാർലമെൻ്റിൽ വയനാടിൻ്റെ പ്രതിനിധിയായി സത്യപ്രതിജ്ഞ ചെയ്ത ഉടൻ ഉരുൾപൊട്ടൽ ദുരന്തത്തിൽ എല്ലാം നഷ്ടപ്പെട്ട തൻ്റെ ജനങ്ങൾക്കുവേണ്ടി സഹായം ലഭ്യമാക്കാൻ കേരളത്തിലെ എംപിമാരുടെ സംഘത്തെ നയിച്ച് പ്രിയങ്കാ ഗാന്ധി യോഗത്തെത്തുടർന്ന് വയനാട് ദുരന്തത്തെ അതീവ ഗുരുതര വിഭാഗത്തിൽ പെടുത്തിയ തീരുമാനം,Situational Awareness
യുഎഇ സാമ്പത്തിക സഹായം പുതിയ വിവാദത്തിലേക്ക് ശ്രീധരന് പിള്ളയുടെയും രമേശ് ചെന്നിത്തലയുടെയും വാദം കേന്ദ്രസര് ക്കാര് തന്നെ തള്ളുന്നു,Irrelevant
സൈന്യക ഇടപെടലിൽ ആണ് ഇനി നമ്മുക്ക് ആവശ്യം രക്ഷപ്രവർത്തനം മൊത്തം സൈന്യത്തിന് ഏല്പിക്കാണം,Irrelevant
നിങ്ങളുടെ ജില്ലകളിൽ കളക്ഷൻ സെന്ററുകൾ നടത്തുന്നതിന്റെ വിവരം ഈ സൈറ്റിൽ ചേർക്കാൻ താല്പര്യപ്പെടുന്നു അവശ്യ വസ്തുക്കൾ എന്താണെന്ന് അറിഞ്ഞ് സംഭാവനകൾ തരാൻ ഇതിനാൽ ജനങ്ങൾക്ക് സാധിക്കും എന്നതാണ് ഉപയോഗം,Situational Awareness
വെള്ളം കയറി നെടുമ്പാശേരി വിമാനത്താവളം ഉച്ചവരെ അടച്ചു,Situational Awareness
വിലങ്ങാട് ഉരുൾപൊട്ടൽ ദുരന്തബാധിതർക്ക് സർക്കാരിന് റെ സഹായം ലക്ഷം രൂപ വീതം പേരുടെ അക്കൗണ്ടിലെത്തി മേപ്പാടി ദുരന്തം നടന്ന സമയത്ത് നടന്നതിനാൽ സമൂഹത്തിൽ വേണ്ടത്ര ശ്രദ്ധ ലഭിക്കാതെ പോയ ദുരന്തം,Volunteering and Donations
വിവിധ ജില്ലകളിലെ സേവാഭാരതി നമ്പറുകൾ ദുരന്തബാധിതർക്ക് ഭക്ഷണ പൊതികൾ നിത്യോപയോഗ വസ്തുക്കൾ തുടങ്ങിയവ നൽകുവാനും ലഭിക്കുവാനും ഷേയർ ചെയ്യു,Volunteering and Donations
അധികാരികൾ ഇത് കാണുന്നുണ്ടോ ആലപ്പുഴ കോളേജിൽ നശിച്ചു പോകുന്നത് ലക്ഷകണക്കിന് രൂപയുടെ റിലീഫ് വസ് തുക്കൾ,Resource Requests
റെഡ് അലർട്ട് പിൻവലിച്ചു,Situational Awareness
ഹനാൻ നീ വെറും മാസ്സല്ല നിന്റെ ഈ വാക്കുകൾ ആരുടേയും കണ്ണും മനസ്സും നിറയ്ക്കും ബിഗ് സല്യൂട്ട്,Irrelevant
ഈ വീഡിയോയിൽ നിങ്ങൾ കാണുന്ന ദുരിതാശ്വാസ സാധനങ്ങൾ നിറച്ച ട്രക്കുളുടെ നീണ്ട നിര തിരുവനന്തപുരം നെടുമങ്ങാട് ഖണ്ഡിലെ സേവാ ഭാരതി പ്രവർത്തകർ മാത്രം സ്വരൂപിച്ച അവശ്യ വസ്തുക്കൾ ആണ് ഇത് പോലെ എത്ര എത്ര സേവാ കേന്ദ്രങ്ങൾ,Volunteering and Donations
അവിടെ എങ്ങനെ ആടാ നീ സൈഫ് ആണ് എന്ന് അറിയാം പ്രളയം വന്നാലും പക്കി അതിജീവിക്കും അടുത്ത് ഒക്കെ എല്ലാരും ഓക്കേ അല്ലേ,Irrelevant
കുറവിലങ്ങാട് സെന്റ് മേരീസ് ഹയർ സെക്കന്ററി സ്കൂൾ യൂണിറ്റിന്റെ ആഭിമുഖ്യത്തിൽ ദുരിതാശ്വാസ ക്യാമ്പുകളിൽ എത്തിക്കുന്നതിന് വേണ്ടി ഭക്ഷണ സാധനങ്ങളും വസ്ത്രങ്ങളും മരുന്നുകളും ശേഖരിക്കുന്നു തിങ്കളാഴ്ച ഒമ്പത് മണി മുതൽ,Volunteering and Donations
കാണം വിക്കാന്നു വെച്ചാ സ്വന്തമായിട്ടു ഒന്നും ഇല്ല ക്യാപിന്നു കിട്ടീതാണേ ഏതോ സഘി സംഭാവന ചെയ്യ്താണ് അതിനി വല്ല മണലരിക്കുന്നോർക്കു കൊടുക്കാന്നുവെച്ചാ അവർക്കു പോലും വേണ്ടാ ഓണാശംസകൾ,Irrelevant
കെഎസ് യു സോഷ്യൽമീഡിയ സോണൽ ജില്ലാ കോർഡിനേറ്റർമാരെ പ്രഖ്യാപിച്ചു എല്ലാ ഭാരവാഹികൾക്കും അഭിനന്ദനങ്ങൾ,Irrelevant
കൈ മെയ് മറന്നുള്ള രക്ഷാപ്രവർത്തനം ദൗത്യത്തിൽ പങ്കെടുക്കുന്ന സൈന്യത്തിനും ഏല്ലാ സുഹൃത്തുക്കൾക്കും ബിഗ് സല്യൂട്ട് ഇപ്പോൾ ദൈവങ്ങൾ നിങ്ങളാണ് അല്ലേൽ ദൈവദൂതരാണ് നിങ്ങൾ മുന്നോട്ട് തന്നെ പോകുക,Irrelevant
പാലക്കാട് കലക്ട്രേറ്റിന്റെ നിയന്ത്രണത്തിലുള്ള മൂന്ന് ചോപ്പറുകൾ പറവൂർ ഭാഗത്തേക്ക് പോകാൻ റെഡിയാണ് ഈ ഇൻഫോ ആർക്കാ പാസ്സ് ചെയ്യാൻ പറ്റുക തൃശൂരിലെ വോളണ്ടിയർ അഖിലയാണ് കോൺടാക്റ്റ് പോയിന്റ്,Situational Awareness
ബ്രിട്ടിഷ് പ്രധാനമന്ത്രി തെരേസമേയോട് ദുരിതാശ്വാസ നിധിയിലേക്ക് ഞാൻ സംഭാവന നൽകാനാവശ്യപ്പെട്ടപ്പോൾ ഒരു സായിപ്പിന്റെ പ്രതികരണം ലവനും മനസ്സിലാക്കുന്നുണ്ട് ഇന്ത്യയെപ്പറ്റി,Irrelevant
ൽ സംസ്ഥാനത്ത് വെള്ളപ്പൊക്കം ഉണ്ടായപ്പോൾ വിദേശ സഹായം തടയാൻ സംഘി സർക്കാർ ഇടപെട്ടത് എങ്ങനെയെന്ന് കേരളം മറന്നിട്ടില്ല ഇപ്പോൾ അതേ സംഘ സർക്കാർ വിദേശ സഹായം സ്വീകരിക്കുന്നു,Irrelevant
നെടുമ്പാശ്ശേരി വിമാനത്താവളം നാലുദിവസത്തേക്ക് അടച്ചു റണ് വേയില് വെള്ളംകയറിയതിനെതുടര് ന്ന് ഇന്ന് പുലര് ച്ചെ മുതല് വിമാനസര് വ്വീസുകള് നിര് ത്തിവച്ചിരിക്കുകയായിരുന്നു,Situational Awareness
ഡാം തുറന്നു വിട്ടതുകൊണ്ടാണ് പ്രളയമുണ്ടായത് എന്ന് എനിക്ക് തോന്നുന്നില്ല കാരണം ഡാമിൽ നിന്ന് തുറന്നു വിടുന്നത് പരമാവധി ഡാമിലേക്ക് ഒഴുകിയെത്തുന്ന വെള്ളമാണ് അതിനപ്പുറം വെള്ളം തുറന്നു വിടില്ല അതായത് ഡാമിന് താഴേക്ക്,Irrelevant
റിലീഫ് ക്യാമ്പിൽ എത്തിക്കാനായി താഴെ പറയുന്ന അവശ്യ വസ്തുക്കൾ ശേഖരിച്ചു തരാൻ കഴിയുന്നവർ ദയവായി ചെയ്യുക ക്യാഷ് ആയി ഒന്നുംതന്നെ സ്വീകരിക്കുന്നതല്ല സാധനങ്ങൾ വന്നു കളക്ട് ചെയ്യുന്നതാണ്,Resource Requests
താന് അഞ്ച് ലക്ഷം രൂപ ദുരിതാശ്വാസ നിധിയിലേക്ക് സംഭാവന നല് കിയിട്ടുണ്ടെന്നും നിങ്ങള് എല്ലാവരും പറ്റുന്ന തുക സംഭാവന ചെയ്യണമെന്നും താരം അഭ്യര് ത്ഥിച്ചു,Volunteering and Donations
ദുരിതാശ്വാസത്തിന്നായി എത്തിപ്പെടുന്ന വസ്തുക്കൾ തീർത്തും മോഷ്ടിക്കപ്പെടരുത് ക്യാമ്പിളിലെ തന്നെ ആൾക്കാരുടെ പ്രത്യേക സ്ക്വഡ് ഇതിന്നായി ഉണ്ടാക്കണം,Situational Awareness
വിദേശ സാമ്പത്തിക സഹായം സ്വീകരിക്കേണ്ട എന്ന ഇന്ത്യൻ നയം ഒരിക്കലും യു എ ഇ വാഗ്ദാനം ചെയ്ത കോടി വാങ്ങുന്നതിനു തടസ്സമാവില്ല തടസ്സമാവുന്നുണ്ടെങ്കിൽ അതു തികച്ചും രാഷ്ട്രീയമാണ് പുറത്തുനിന്നുള്ള സാമ്പത്തിക സഹായം,Irrelevant
എലിപ്പനി ഈ മാസം മൂന്നു മരണം അഞ്ചു ജില്ലകളില് മുന്നറിയിപ്പ്,Situational Awareness
നൽകാം ദുബായ് പോലീസിനും ഒരു ബിഗ് സല്യൂട്ട് കേരളത്തിന് കൈതാങ്ങാവാൻ മറ്റുള്ളവർക്ക് പ്രചോദനമേകാൻ ദുബായ് പോലീസും മാതൃകയായി വീഡിയോ കാണാം ഷെയർ ചെയ്ത് സപ്പോർട്ട് ചെയ്യാം പത്തനംതിട്ടയിലെ തല് സമയ,Irrelevant
ആലപ്പുഴ ജില്ലാ മാവേലിക്കര താലൂക് വെട്ടിയാർ ൽ പേരുടെ ക്യാമ്പ് പുതപ്പുകൾ സ്ത്രികളുടെയും കുട്ടികളുടേയും വസ്ത്രങ്ങൾ ആവശ്യമുണ്ട് സഹായിക്കണം രാജേഷ് ക്യാമ്പ്,Resource Requests
വേൾഡ്കപ്പ് ഇപ്പൊ ഇതാ ബിഗ് ബോസിലും തന്റെ പ്രവചന ജൈത്രയാത്ര തുടരുന്ന ഫ്രഡിക്ക് അഭിനന്ദനങ്ങൾ ആദ്യമായിട്ട് ബിഗ് ബോസിന്റെ ഒരു ഫുൾ എപ്പിസോഡിന് തല വെച്ചിരിക്കുവാണ് വെറുപ്പിക്കലാണെങ്കിലും രഞ്ജിനി നല്ല ക്യൂട്ടായതോണ്ട് കണ്ടോണ്ടിരിക്കുവാണ്,Irrelevant
ആലുവയിലും എറണാകുളത്തും കനത്ത മഴ ദുരിദാശ്വാസ ക്യാമ്പുകളിൽ ജനസാഗരം,Situational Awareness
പ്രകൃതി ദുരന്തം ബാധിച്ച ജനങ്ങൾക്കും അപകട മരണത്താൽ പ്രിയപെട്ടവരെ നഷ്ടപെട്ടവർക്കും ഗുരുതര രോഗം ബാധിച്ച് അവശത അനുഭവിക്കുന്നവർക്കും അടിയന്തിരാശ്വാസമായി സാമ്പത്തിക സഹായം നൽകുന്നു,Volunteering and Donations
കൊന്നാൽ പാപം തിന്നാൽ തീരും എന്ന പഴഞ്ചൊല്ലുപോലെ ആണു ഇവിടെ നടക്കുന്നത് വേണ്ടത്ത്ര മുന്നൊരുക്കങ്ങളും മുന്നറിയിപ്പുകളും ഇല്ലാതെ ഡാം തുറന്നു വിട്ട് ലക്ഷക്കണക്കിനു ആൾക്കാരെ കഷ്ടപ്പെടുത്തി ജീവനും സ്വത്തിനും നഷ്ടം,Irrelevant
വെള്ളപ്പൊക്ക ദുരിതാശ്വാസ നിധി മദ്യത്തിന്റെ എക് സൈസ് ഡ്യൂട്ടി വര് ധിപ്പിച്ചു,Irrelevant
മഹാരാഷ്ട്രയിൽ ഉരുൾപൊട്ടൽ മരണം കുടുംബങ്ങൾ മണ്ണിനടിയിൽ കുടുങ്ങി,Situational Awareness
ഗുജറാത്ത് സർക്കാർ മുഖ്യമന്ത്രിയുടെ ദുരിതാശ്വാസ നിധിയിലേക്ക് കോടി രൂപ സംഭാവന നൽകി റവന്യൂ വകുപ്പ് മന്ത്രി കൗശിക് ഭായ് പട്ടേൽ മുഖ്യമന്ത്രി പിണറായി വിജയന് ചെക്ക് കൈമാറി,Irrelevant
കുറച്ചു വസ്ത്രം സാനിറ്ററി നാപ്കിനസ് ക്ളീനിംഗ് വസ്തുക്കൾ എന്നിവ വേണം എന്ന് പറഞ്ഞിട്ടു വിളിച്ചിരുന്നു കാലടി ഭാഗത്ത് ഉള്ള സുഹൃത്തുക്കൾ സഹകരിക്കുക,Resource Requests
ഒന്നിച്ച് നിന്നാൽ നേരിടാനാകാത്ത ദുരിതങ്ങളില്ല കേരളം അതിജീവിക്കും അതിജീവിക്കുക തന്നെ ചെയ്യും,Irrelevant
സ്നേഹത്തിന്റെയും സമൃദിയുടെയും തിരുവോണാശംസകൾ ശിവൻ പെരിന്തൽമണ്ണ ഒറ്റക്കെട്ടായി മുന്നോട്ട് കേരളം നമ്മൾ അതിജീവിക്കും,Irrelevant
രാഖിക്ക് ഇന്ന് റെഡ് അലർട്ട് പ്രഖ്യാപിച്ചു,Situational Awareness
കുസാറ്റിൽ പ്രവർത്തിക്കുന്ന ക്യാമ്പുകളിൽ നാപ്കിൻ സോപ്പ് ബെഡ്ഷീറ്റ് ബ്രഷുകൾ പായകൾ ബക്കറ്റുകൾ തുടങ്ങിയവ അടിയന്തിരമായി ആവശ്യമുണ്ട്,Resource Requests
എറണാകുളം ഇടുക്കി പത്തനംതിട്ട ജില്ലകളിലെ റെഡ് അലർട്ട് പിൻവലിച്ചു,Situational Awareness
രക്ഷാദൗത്യം ലക്ഷ്യത്തിലേക്ക് മുഖ്യമന്ത്രി ജില്ലകളിലെ റെഡ് അലർട്ട് പിൻവലിച്ചു നാളത്തോടെ റെയിൽ ഗതാഗതം പുനസ്ഥാപിക്കും,Situational Awareness
അന്നം തരുന്ന നാടിന്റെ അഭിമാന പരിഗണന സ്വന്തം നാടിന്റെ അവറ്റ്ന യോടുള്ള അവഗണന ശങ്കിച്ചു പോവുന്നു ഞാൻ ഏതു നാടിന്റെ പൗരനാണെന്ന് ബിഗ് സല്യൂട്ട്,Irrelevant
അശാസ്ത്രീയമായും മുന്നറിയിപ്പുമില്ലാതെ ഡാം തുറന്നു വിട്ടതാണ് പ്രളയത്തിന്റെ കാരണം എന്ന് പറഞ്ഞവർ മാധവ് ഗാഡ്ഗിൽ ഇ ശ്രീധരൻ സുരേഷ് കുമാർ ജോസഫ് സി മാത്യു രാജു എബ്രാഹം സിപിഎം ടോം ജോസ് ചീഫ്,Irrelevant
ജലനിരപ്പ് കൂടി മുല്ലപ്പെരിയാറിന്റെ ആറ് ഷട്ടറുകള് വീണ്ടും തുറന്നു,Situational Awareness
ഈ പ്രളയത്തെ നമുക്ക് ഒറ്റക്കെട്ടായി നേരിടാം ആലപ്പുഴ ജില്ലയിൽ ചേർത്തല പോലുള്ള പല സ്ഥലങ്ങളെയും പ്രളയം കാര്യമായി ബാധിച്ചിട്ടില്ല അതിനാൽ തന്നെ ഭവനങ്ങളിൽ വെള്ളം കയറിയ വലിയ ഒരു ശതമാനം ആളുകളെയും,Situational Awareness
അടുത്തത് വോളണ്ടിയർമാരുടെ ഡേറ്റ ഏകോപിപ്പിക്കുന്ന പണിയാണ് കേരളത്തിൽ അങ്ങോളം ഇങ്ങോളം ഉള്ള പ്രദേശങ്ങളിൽ വോളണ്ടിയർ ചെയ്യുന്ന ആളുകളോട് ഈ നമ്പരിലേക്ക് ഒരു മിസ്ഡ് കോൾ നല്കാൻ ആവശ്യപ്പെടാമോ,Volunteering and Donations
ലുലു ഹൈപ്പർ മാർക്കറ്റ് ഹസാന ഷാർജയുടെയും റജബ് കാർഗോയുടേയും സഹകരണത്തോടെ റിലീഫ് അവശ്യവസ്തുക്കൾ ശേഖരിക്കുന്നു സ്ഥലം ലുലു ഹൈപ്പർ മാർക്കറ്റ് ഹസാന ഷാർജ,Volunteering and Donations
കൊല്ലം കൊട്ടാരക്കര അഞ്ചൽ എന്നീ ഭാഗങ്ങളിൽ ഉള്ളവർ ശ്രദ്ധിക്കുക ദുരിതാശ്വാസ ക്യാമ്പുകളിലേക്ക് ആവശ്യമായ വസ്തുക്കൾ ഭക്ഷണം വസ്ത്രം സാനിറ്ററി നാപ്കിൻ ചെരുപ്പുകൾ അരി തുടങ്ങിയവ എത്തിക്കാൻ സാധിക്കുന്നവർ ദയവായി,Resource Requests
കനത്ത മഴ ക്വാറികള് ക്കും നിര് മാണ പ്രവര് ത്തനങ്ങള് ക്കും വിലക്ക് മുന്നറിയിപ്പുമായി കളക്ടര് മഴ മണ് സൂണ് ഇടുക്കി ഇടുക്കിഡാം,Situational Awareness
കേന്ദ്ര സർക്കാർ ഫ്രീയായിട്ട് കൊടുത്ത മെട്രിക് ടൺ അരിയുടെ വില കോടിയാണ് എന്ന് ജനങ്ങളെ അറിയിച്ച എല്ലാ മോദി വിരുദ്ധർക്കും അഭിനന്ദനങ്ങൾ,Irrelevant
ദുരിതാശ്വാസ പ്രവർത്തനങ്ങളിൽ അവഗണനയുമായി കേന്ദ്രം വിദേശത്ത് നിന്ന് എത്തിച്ച ദുരിതാശ്വാസ വസ്തുക്കൾ നികുതിയുടെ പേരിൽ എയർപോർട്ടിൽ തടഞ്ഞു കെട്ടികിടക്കുന്നത് നാല് ലോഡ് സാധനങ്ങൾ ബിഹാറിനും കാശ്മീരിനും നൽകിയ പ്രത്യേക ഇളവ് കേരളത്തിനില്ല,Irrelevant
കനത്ത മഴ തിരുപ്പതിയില് വെള്ളപ്പൊക്കം തീര് ഥാടകര് കുടുങ്ങി വിഡിയോ,Situational Awareness
മധ്യപ്രദേശ് പൊലീസ് കേരള മുഖ്യമന്ത്രിയുടെ ദുരിതാശ്വാസനിധിയിലേക്ക് കോടി രൂപ സംഭാവന ചെയ്തു മധ്യപ്രദേശിലെ പൊലീസ് ഉദ്യോഗസ്ഥരുടെ ഒരു ദിവസത്തെ ശമ്പളമാണ് ഇതിലേക്കു മാറ്റിയതെന്ന് ഡിജിപി റിഷി കുമാർ ശുക്ല അറിയിച്ചു,Volunteering and Donations
ഈ വലിയ മനസ്സിനു മുന്നില് നമ്മുടെയൊക്കെ ശിരസ്സ് കുനിഞ്ഞു പോകുന്നു ഈ സഹോദരിമാര് ക്ക് പ്രണാമം ഒരു ബിഗ് സല്യൂട്ട്,Irrelevant
കേരളത്തിന് സഹായവുമായി സുപ്രീം കോടതി ജഡ്ജിമാർ സുപ്രീം കോടതി ജഡ്ജിമാർ രൂപവീതം മുഖ്യമന്ത്രിയുടെ ദുരിതാശ്വാസ നിധിയിലേക്ക് സംഭാവന നൽകും ചീഫ് ജസ്റ്റിസ് അടക്കം സുപ്രീം കോടതിയിലെ ജഡ്ജിമാരും സഹായം നൽകും,Irrelevant
പിഎം അടുത്തത് വോളണ്ടിയർമാരുടെ ഡേറ്റ ഏകോപിപ്പിക്കുന്ന പണിയാണ് കേരളത്തിൽ അങ്ങോളം ഇങ്ങോളം ഉള്ള പ്രദേശങ്ങളിൽ വോളണ്ടിയർ ചെയ്യുന്ന ആളുകളോട് ഈ നമ്പരിലേക്ക് ഒരു മിസ്ഡ് കോൾ നല്കാൻ ആവശ്യപ്പെടാമോ,Situational Awareness
റെഡ് അലർട്ട് പോയി വീണ്ടും ശക്തമായ തള്ളോടു കൂടി റെഡ് സല്യൂട് തുടങ്ങി ഇൽ,Situational Awareness
കൈകോർക്കാം നമുക്കൊന്നായി കേരളം അതിജീവിക്കും,Irrelevant
പെരിയാർ കരകവിഞ്ഞൊഴുകിയതിനെ തുടർന്ന് പറവൂർ ഏലൂർക്കരയിലെ വീട്ടിൽ നിന്നും സംവിധായകൻ മേജർ രവിയുടെ നേതൃത്വത്തിൽ സന്നദ്ധപ്രവർത്തകർ രക്ഷപെടുത്തിക്കൊണ്ടുവന്ന കുടുംബത്തെ കരയിൽ എത്തിച്ചപ്പോൾ ഫോട്ടോ ജോഷ് വാൻ മനു,Irrelevant
ജവാഹർലാൽ നെഹ് റു സ്റ്റേഡിയം എറണാകുളം ഏതു ഭാഗത്തു നിന്നും ദുരിതാശ്വാസ ക്യാമ്പുകളിലേക്കുള്ള ആവശ്യ വസ്തുക്കൾ കൈമാറാൻ ആഗ്രഹിക്കുന്നവർ താഴെ കാണുന്ന നമ്പറിൽ,Volunteering and Donations
കേരളത്തിലെ ജനങ്ങൾ ഒറ്റക്കെട്ടായി നിന്നിട്ടാണ് പ്രളയം എന്ന ദുരന്തത്തെ തോൽപ്പിച്ചു കൊണ്ടിരിക്കുന്നത് ഇതിനിടയിൽ വർഗീയതയും മറ്റുമായിട്ട് ഇങ്ങോട്ട് വന്നാൽ വെറും കയ്യോടെ ആവില്ല നിങ്ങളെ നേരിടുക ഇത് വെറുതെ പറഞ്ഞതല്ല താക്കീതാണ്,Irrelevant
ആരാണ് വലിയവൻ എന്ന് തർക്കിക്കാനുള്ള സമയമല്ലിത് ആരും വലിയവരല്ല എന്ന് മനസ്സിലാകുന്ന സമയം മനുഷ്യജീവനാണ് വലുത് രക്ഷിക്കണേ എന്ന വിളി കേട്ട് രക്ഷിക്കാൻ കഴിവുള്ളവർ സൈന്യമോ പോലീസോ കടലിന്റെ മക്കളോ ആരാകിലെന്ത് നമിക്കാം,Irrelevant
മത്സ്യത്തൊഴിലാളികള് ക്ക് കേരളത്തിന്റെ ബിഗ് സല്യൂട്ട് ഈ ഐക്യം നമ്മള് നിലനിര് ത്തണം,Irrelevant
നിലവിൽ തിരുവനന്തപുരം കാസർഗോഡ് ഒഴികെ ജില്ലകളിൽ റെഡ് അലർട്ട് തുടരുന്നു,Situational Awareness
മുഖ്യമന്ത്രിയുടെ ദുരിതാശ്വാസ നിധി സമസ്ത ആദ്യഗഡുവായി ലക്ഷം രൂപ നല് കും,Volunteering and Donations
കേരളത്തിൽ അങ്ങോളം ഇങ്ങോളം ഉള്ള പ്രദേശങ്ങളിൽ വോളണ്ടിയർ ചെയ്യുന്ന ആളുകളോട് ഈ നമ്പരിലേക്ക് ഒരു മിസ്ഡ് കോൾ നല്കാൻ ആവശ്യപ്പെടാമോ പൂജ്യം വിട്ടുപോകരുത് അവരുടെ വിവരങ്ങൾ തിരികെ വിളിച്ച് ഞങ്ങൾ കളക്ട്,Volunteering and Donations
വിജയിപ്പിച്ചേ തീരൂ മുഖ്യമന്ത്രിയുടെ ദുരിതാശ്വാസ ഫണ്ട് പലർക്കും ഒരു ധാരണയുണ്ട് നമ്മളെന്തിന് ദുരിതാശ്വാസ നിധിയിലേക്ക് സംഭാവന ചെയ്യണം ക്യാമ്പിലേക്ക് സാധനങ്ങൾ നേരിട്ടെത്തിച്ചാൽ പോരേ സർക്കാർ സഹായം കൃത്യസമയത്ത് എത്തുമോയെന്ന സംശയവും പലർക്കുമുണ്ട്,Situational Awareness
വെള്ളം ഇറങ്ങി ഗതാഗതം പുനസ്ഥാപിച്ചശേഷം ദുരന്തമേഖലകളിൽ നമുക്ക് കഴിയുന്നപോലെ സഹായത്തിന് ഇറങ്ങണം വെള്ളം ഇറങ്ങിക്കഴിഞ്ഞതിനുശേഷം ആണ് ഏറ്റവും പുനരധിവാസം എന്ന വലിയ വെല്ലുവിളി നേരിടേണ്ടിവരുന്നത്,Situational Awareness
ഇ വാർത്ത നെടുമ്പാശ്ശേരി വിമാനത്താവളം ശനിയാഴ്ച വരെ അടച്ചു,Situational Awareness
തോരാമഴ പ്രളയം അതിജീവനം ദുരിതാശ്വാസം കണ്ണീരോടെ രാഷ്ട്രീയ മതഭേദമന്യേ ഒറ്റക്കെട്ടായി ദുരന്തത്തെ നേരിട്ടപ്പോഴും അറിഞ്ഞും അറിയാതെയും നമ്മെ ചിരിപ്പിച്ചവരുണ്ട് അതിൽ നിങ്ങൾക്കിഷ്ടപ്പെട്ടത് ഏത് വ്യക്തിപരമായി ആരെയും അധിക്ഷേപിക്കുന്നില്ല ടു തിരോന്തരം ഫോർ ഇൻസുലിൻ കാണിപ്പയ്യൂര് പ്രവചനം എപിക് കണ്ണന്താനം സ്ലീപ് ബോബി കോപ്റ്റർ ഭാഗ്യവതി,Irrelevant
ഡാം തുറന്നു വിട്ടത് കൊണ്ട് പട്ടിണിയിലായ ജുവാവ് സാഹചര്യത്തിന്റെ സമ്മർദ്ദം മൂലം,Irrelevant
വെള്ളമടിച്ച് തോന്നിയപോലെ ഡാം തുറന്നു വിടുന്നത് ഡാം മാനേജ്മെന്റ് അല്ല മറ്റേപ്പണിയാണ് ഉവ്വേ,Irrelevant
എറണാകുളം കളക്റ്ററേറ്റ് കേന്ദ്രീകരിച്ച് വോളണ്ടിയർ വർക്ക് ചെയ്യാൻ പറ്റുന്ന ഫാർമ്മസിസ്റ്റ് വളരെ അത്യാവശ്യമാണ് നിങ്ങളുൾപ്പെട്ട ഗ്രൂപ്പുകളിൽ അന്വേഷിച്ചിട്ടായാലും സന്നദ്ധതയുള്ള ഒരാളെ കണ്ടെത്തിത്തരൂ വാട്ട്സാപ് ചെയ്യണം പോസ്റ്റ് ടൈം,Resource Requests
തെളിഞ്ഞ കാലാവസ്ഥയെന്ന് ലൈവ് റിപ്പോർട്ട് എന്നിട്ടും കനത്ത മഴ തുടരുന്നു എന്ന സ്ക്രോൾ എടുത്ത് മാറ്റടെ,Irrelevant
തീരുർ ആലത്തിയൂർ ക്യാമ്പിലേക്ക് സാധനങ്ങൾ ആവശ്യമുണ്ട് തിരൂർ ആലത്തിയൂർ ബോയ്സ് ഹൈസ് കൂൾ തുടങ്ങിയ ക്യാമ്പുകളിലെ അവസ്ഥ ഇത്തിരി മോശമാണെന്നറിയുന്നു അവിടേക്ക് അടിയന്തിരമായി എത്തിക്കേണ്ട,Resource Requests
സർക്കാരിന്റെ ദുരിതാശ്വാസ ക്യാമ്പിൽ എല്ലാ ദിവസവും വോളണ്ടിയർ ആയി നിന്നു തിരിച്ചു കിട്ടിയത് സിപിഎമ്മുകാരുടെ മർദ്ദനം തലയ്ക്ക് കരിങ്കല്ലു കൊണ്ട് ഇടിയേറ്റയാൾ ഗുരുതരാവസ്ഥയിൽ രണ്ട് സിപിഎമ്മുകാർ വധശ്രമത്തിന് അറസ്റ്റിൽ,Situational Awareness
മുഖ്യമന്ത്രിയുടെ ദുരിതാശ്വാസനിധിയിലേക്ക് ഓൺലൈൻ ആയി സംഭാവന ചെയ്യാനുള്ള സൈറ്റിന്റെ വിവരങ്ങൾ എഫ് ബിയിലിട്ടത് കമ്മ്യൂണിറ്റി ചട്ടങ്ങൾ ക്ക് എതിരായതു കൊണ്ട് എടുത്തു കളയുന്നു എന്ന് സുക്കർബർഗ് മുതാളി,Volunteering and Donations
കൊല്ലങ്കോട് കാരോട് പഞ്ചായത്തുകളിലെ ബിജെപി പ്രവർത്തകരുടെ ആഭിമുഖ്യത്തിൽ വെള്ളപ്പൊക്ക ദുരിതാശ്വാസ ക്യാമ്പിലേയ്ക്ക് ആവശ്യമായ സാധനങ്ങൾ കൊല്ലങ്കോട് കണ്ണനാഗം ജംഗ്ഷനിലെ വ്യാപാര സ്ഥാപനങ്ങളിൽ നിന്നും ശേഖരിക്കുന്നു,Volunteering and Donations
രമേശ് ചെന്നിത്തലയുടെ വാർത്താ സമ്മേളനം തുടങ്ങി കേരളത്തിലെ ജില്ലകളിൽ വീണ്ടും റെഡ് അലർട്ട് പിൻകുറി അടുത്ത തിരഞ്ഞെടുപ്പിൽ പത്ത് വോട്ടാണ് ഉദ്ദേശ്യമെങ്കിൽ വാർത്താ സമ്മേളനം അവസാനിപ്പിച്ച് ദുരിതാശ്വാസ ക്യാമ്പിലേക്ക് പോകൂ,Situational Awareness
യു സി കോളേജിൽ അയ്യായിരത്തോളം പെൺകുട്ടികൾ ഉണ്ട് പാക്കറ്റ് നാപ്കിൻ വേണം കുട്ടികൾ കരഞ്ഞു കൊണ്ടാണ് വിളിക്കുന്നത് സൈസ് ഇന്നർ വെയേഴ് സും വേണം പ്ളീസ് ഒന്ന് മെസ്സേജ് ഷെയർ ചെയ്യൂ മെട്രോ സ്റ്റേഷനിൽ വോളന്റീർസ് ഉണ്ട് അവരെ ഏൽപ്പിച്ചാൽ എത്തിക്കും സഹായിക്കൂ പ്ളീസ്,Resource Requests
ദൈവമെ നിന്റെ പരീക്ഷണം അതി ഭയാനകമാണ് ദൈവമെ നീ എന്റെ നാടിനെയും സഹോദരങ്ങളെയും മഴ വെള്ള പ്രളയ ദുരിന്തങ്ങളിൽ നിന്നു കാത്തു രക്ഷിക്കണേ ദൈവമെ ആമേൻ,Irrelevant
ബിഗ് സല്യൂട്ട് മത്സ്യത്തൊഴിലാളികൾ കേരളത്തിൻെറ സൈനികർ,Irrelevant
തൃശൂർ തോപ്പ് സ്റ്റേഡിയം ക്യാമ്പിൽ നിരവധി ആളുകളുണ്ട് അവിടേക്ക് വരുന്ന ഫൂഡ് വസ്ത്രങ്ങൾ മെഡിസിൻസ് എല്ലാം തരംതിരിക്കാനും വിതരണം ചെയ്യാനും കുറച്ചുപേരെ ആവശ്യമുണ്ട് അവിടേക്ക് ലേഡീസ് ഇന്നർ വെയേഴ്സ് ഉം ആവശ്യമുണ്ട്,Resource Requests
നിന്നും മെഡിസിൻ അത്യാവശ്യ വസ്തുക്കൾ വാങ്ങിഅയക്കുന്നുണ്ട് അത്യാവിശ്യമുള്ളവർ മെസ്സേജ് ചെയ്യാമോ ആദ്യ ട്രക്ക് നാളെ രാവിലെ പുറപ്പെടും എവിടെയെങ്കിലും ഉണ്ടെങ്കിൽ ഒന്നറിയിക്കുക,Volunteering and Donations
കോട്ടയത്ത് കനത്ത മഴ മീനച്ചിലാര് കരകവിഞ്ഞൊഴുകുന്നു,Situational Awareness
വീണ്ടും വെള്ളപ്പൊക്കം ഒരു മാസത്തിന് മുൻപ് വെള്ളം കയറിയ പാലാ ഏറ്റുമാനൂർ റോഡ് കിടങ്ങൂർ അയർക്കുന്നം റോഡിൽ മോനിപ്പള്ളിയിൽ അതിലും കൂടുതൽ വെള്ളം കയറിയിരിക്കുന്നു ഗതാഗതം സാധ്യമല്ല തത്സമയം,Situational Awareness
കനത്ത മഴ ഉരുള് പ്പൊട്ടല് നെല്ലിയാമ്പതി ഒറ്റപ്പെട്ടു റോഡ് ഗതാഗതം പൂര് ണമായും തകരാറില് ആയിരക്കണക്കിന് തൊഴിലാളികള് കുടുങ്ങിക്കിടക്കുന്നു,Situational Awareness
കളമശ്ശേരി ടൂ ആലുവ റോഡ് ഗതാഗതം വീണ്ടും തുടങ്ങിയിട്ടുണ്ട്,Situational Awareness
പെരിയാറ്റില് അഞ്ച് അടിയോളം വെള്ളം താഴ്ന്നു മാര് ത്താണ്ഡവര് മ്മ പാലത്തിലൂടെ ഗതാഗതം പുനസ്ഥാപിച്ചു,Irrelevant
മുണ്ടക്കൈ ചൂരൽമല ഉരുൾപൊട്ടൽ ദുരന്ത ശേഷമുള്ള പുനർനിർമ്മാണ പുനരധിവാസ പ്രക്രിയകൾക്ക് നേരെ കണ്ണടക്കുന്ന സമീപനമാണ് കേന്ദ്രം കൈക്കൊണ്ടിരിക്കുന്നത് കേരളം ഇന്ത്യയിലെ ഒരു സംസ്ഥാനം അല്ലേ കേരളത്തിന് അർഹതപ്പെട്ട സഹായം നൽകേണ്ടേ നമ്മുടെ അവകാശമാണത്,Irrelevant
നെടുമ്പാശ്ശേരി വിമാനത്താവളം ശനിയാഴ്ച വരെ അടച്ചു,Situational Awareness
കനത്തമഴ തുടരുന്നു നെടുമ്പാശേരി വിമാനത്താവളം അടച്ചു ശബരിമല ഒറ്റപ്പെട്ടു,Situational Awareness
തൃശൂർ നഗരത്തിലെ കളക്ഷൻ സെന്റർ സെന്റ് തോമസ് കോളേജ് തൃശ്ശൂർ ഉപയോഗയോഗ്യമായ വസ്ത്രങ്ങൾ ബെഡ്ഷീറ്റ്സ് പേസ്റ്റ് സോപ്പ് ബ്രഷ് മുതലായ വസ്തുക്കൾ സാനിറ്ററി നാപ്കിൻസ് സ്പൂൺ പ്ലേറ്റ്സ് ഗ്ലാസ്സ് കോൺടാക്ട് നമ്പർ,Resource Requests
എല്ലാ ജില്ലകളിലേയും റെഡ് അലർട്ട് പിൻവലിച്ചു,Situational Awareness
നിലമ്പൂരിൽ വീണ്ടും ഉരുൾപൊട്ടൽ ഓളം വീടുകളും ഓളം ആളുകളും കുടുങ്ങി കിടക്കുന്നു,Situational Awareness
ക്യാമ്പ് എന്നത് അത്ര നിസ്സാരമായി കാണല്ലേ ആൾക്കാരുള്ള ക്യാമ്പിലേക്ക് ഭക്ഷണം ഉണ്ടാക്കാൻ തന്നെ പേരു വേണം പിന്നെ ബാക്കി കാര്യങ്ങൾ വേറേയും,Situational Awareness
മാളയിലെ കൊണ്ടൂരിൽ സെന്റ് മേരീസ് പള്ളിയ്ക്കു സമീപമുള്ള സെയിന്റ് മേരീസ് സ്കൂളിലുള്ള പേർക്ക് ഭക്ഷണവും മറ്റ് സാമഗ്രികളും വേണം തൃശൂരുള്ള സന്നദ്ധപ്രവർത്തകർ ശ്രദ്ധിക്കുക,Resource Requests
കളമശ്ശേരി രാജഗിരി സ്കൂൾ കോളേജിലെ റിലീഫ് ക്യാംപിൽ ൽ അധികം ആളൂകൾക്ക് അവശ്യ സാധനങ്ങളുടെ ദൗർബല്യം അരി പച്ചക്കറികൾ മസാല പായ മാറ്റ് പുതപ്പ് ഷർട്ട് മുണ്ട് നൈറ്റി മറ്റു വസ്ത്രങ്ങൾ എന്നിവ അടിയിന്തരമായി ആവശ്യമുണ്ട്,Resource Requests
ജലനിരപ്പ് താഴ്ന്നു ശബരിഗിരി പദ്ധതിയുടെ ഷട്ടറുകൾ ഉടൻ അടയ്ക്കില്ല,Situational Awareness
ഒപ്പമുണ്ട് ഞാനും ഒരേക്കര് സ്ഥലം സംഭാവന നല് കി സ് കൂള് വിദ്യാര് ഥിനി മാതൃഭൂമി,Volunteering and Donations
അതുപോലെ ഉള്ള അറബ് യൂറോപ്യൻ രാജ്യങ്ങൾ തന്നത് വെറും സംഭാവന എന്നാൽ കേന്ദ്രം നമുക്ക് തന്നത് നമ്മുടെ അവകാശം അല്ലാതെ ആരുടേം കുടുംബ സ്വത്തല്ല,Irrelevant
സംഘ പ്രവർത്തകർ ജീവൻ പണയം വെച്ച് രക്ഷാ പ്രവർത്തനത്തിൽ ഏർപ്പെടുന്ന സഖാക്കൾ ബക്കറ്റുമായി ദുരിതാശ്വാസ നിധി പിരികുന്നു,Irrelevant
എറണാകുളം തമ്മനത്ത് ഓഡിറ്റോറിയത്തിലെ ദുരിതാശ്വാസ ക്യാമ്പിലേക്ക് അവശ്യ സാധനങ്ങൾ വേണം കഴിയുംവിധം അവശ്യസാധനങ്ങൾ എത്തിക്കാൻ അഭ്യർത്ഥിക്കുന്നു,Resource Requests
കോട്ടയം ജില്ലയിലെ കുമ്മനത്തു പ്രവര് ത്തിക്കുന്ന ദുരിതാശ്വാസ ക്യാമ്പിലേക്ക് നാളത്തേക്ക് പേര് ക്കുള്ള ഭക്ഷണ സാധനങ്ങള് ആവശ്യമുണ്ട് പാല് പ്പൊടി ബിസ്ക്കറ്റ് പാക്കറ്റ് ഫുഡ് എന്നിവയും ആവശ്യമുണ്ട് എത്തിക്കാന് കഴിയുന്നവര് ബന്ധപ്പെടുക സിജോ,Resource Requests
സ് ഫോടനത്തിന് പിന്നാലെ മുസ്ലീംലീഗ് ഓഫീസിലെ റെയ്ഡിൽ കണ്ടെടുത്തത് മാരക വസ്തുക്കൾ,Irrelevant
വെള്ളപ്പൊക്കം നേരിടാന് ന ട പ ടി ക ളു മാ യി സി യാ ല് മാ സ്റ്റ ര് പ്ലാ ന് ത യാ റാ ക്കു വാൻ ഡ ച്ച് ക ണ് സ ള് ട്ട ന് സി യു ടെ സഹായം തേടുന്നു,Resource Requests
വെള്ളം മരുന്ന് താമസം അടിയന്തരമായി വേണ്ട സഹായങ്ങളുടെ ലിസ്റ്റുമായി ഗൂഗിൾ,Resource Requests
ഓണകാലവും മാവേലിയും വെള്ളപ്പൊക്കവും ഡാം തുറന്നു വിടലും ഒക്കെ സമന്വയിപ്പിച്ച് വർഷങ്ങൾക്കു മുൻപ് ടോംസ് വരച്ച ഒരു കാർട്ടൂൺ ടോംസ് ഇതു നേരത്തെ മനസ്സിൽ കണ്ടിരുന്നുവോ കാലത്തിനു മുൻപേ സഞ്ചരിച് പണ്ട് നമ്മൾ വായിച്ചു കളഞ്ഞ ഒരു കാർട്ടൂൺ ഇതാ കടം വാറ്റ് ഷാപ്പ്,Irrelevant
കൊച്ചി കുറേ പെൺകുട്ടികൾ ക്യാമ്പിലുണ്ട് ഇടാനുള്ള എല്ലാ വസ്ത്രങ്ങളും വേണം നനഞ്ഞിരിക്കുകയാണ് ഏതെങ്കിലും കട തുറന്ന് തരുകയോ വസ്ത്രങ്ങൾ,Resource Requests
തിരുന്നാവായയിൽ റെഡ് അലർട്ട് പ്രഖ്യാപിച്ചു,Situational Awareness
ദുരന്ത മുഖത്ത് രാപകലില്ലാതെ നമ്മടെ ജനതയ് ക്കൊപ്പം നിന്ന കേരളാ പോലീസിന് ആ കരുതലിനും സേവന ത്തിനും ഒരുപാട് നന്ദി ബിഗ് സല്യൂട്ട്,Irrelevant
ലക്ഷം രൂപയാണ് നടൻ വിജയ് ദുരിതാശ്വാസ നിധിയിലേക്ക് സംഭാവന ചെയ്തത്,Volunteering and Donations
ചെന്നൈ വെള്ളപ്പൊക്കം നരേന്ദ്രമോദി കോടിയുടെ ദുരിതാശ്വാസ സഹായം പ്രഖ്യാപിച്ചു,Volunteering and Donations
തിരുവനന്തപുരം ജില്ലാ ഇൻഫർമേഷൻ ഓഫിസ് ഓഗസ്റ്റ് പ്രളയബാധിത മേഖലകളിൽ അടിയന്തരമായി അയക്കാൻ ശുചീകരണ വസ്തുക്കൾ വേണം കളക്ടർ,Resource Requests
ആലുവ യൂ സി കോളേജ് ദുരിതാശ്വാസ ക്യാമ്പിലേക്ക് വളണ്ടിയർമാരെ ആവശ്യമുണ്ട് പേരടങ്ങുന്ന വലിയ ക്യാമ്പാണ് എന്നാൽ ന് ചുവടെയുള്ള വളണ്ടിയര്മാരെ ഇവിടെയുള്ളു,Volunteering and Donations
ട്രെയിന് ഗതാഗതം താറുമാറായി ജാഗ്രതാ നിര് ദ്ദേശം ആലപ്പുഴ എറണാകുളം പാസഞ്ചര് എറണാകുളം കോട്ടയം പാസഞ്ചര് കോട്ടയം എറണാകുളം പാസഞ്ചര് പാലക്കാട് എറണാകുളം മെമു എന്നിവ റദ്ദാക്കി,Situational Awareness
മുന്നറിയിപ്പ് തെന്മല ഡാം ഷട്ടര് അടി ഉയര് ത്തി ആറിന്റെ തീരപ്രദേശത്തുള്ളവര് സുരക്ഷിത സ്ഥാനങ്ങളിലേക്ക് മാറണമെന്ന് പുനലൂര് തഹസീല് ദാര് ജയന് എം ചെറിയാന് അറിയിക്കുന്നു,Situational Awareness
ജാഗ്രത അനിവാര്യം ഭയപ്പാടോടെ ദുരിതബാധിതര് കനത്ത മഴ തുടരുന്നു രക്ഷാപ്രവര് ത്തനം ഊര് ജ്ജിതം,Situational Awareness
ചെങ്ങന്നൂരിൽ പതിനായിരക്കണക്കിന് ജീവൻ അപകടത്തിൽ,Situational Awareness
പാളത്തിൽ വെള്ളം കയറിയതിനാൽ ആലുവയിൽ റയിവേ ഗതാഗതം താൽകാലികമായി നിർത്തിവെച്ചു,Situational Awareness
കാലാവസ്ഥ നിരീക്ഷണ കേന്ദ്രം കനത്ത മഴയ്ക്ക് സാധ്യത ബംഗാൾ ഉൾക്കടലിൽ ന്യൂനമർദ്ദം പതിനൊന്ന് ജില്ലകളിൽ റെഡ് അലർട്ട് കോട്ടയം എറണാകുളം ഇടുക്കി ആലപ്പുഴ തൃശൂർ പാലക്കാട് പത്തനംതിട്ട മലപ്പുറം കോഴിക്കോട് വയനാട് കണ്ണൂർ,Situational Awareness
കനത്ത മഴ കേരളത്തിന് മുന്നറിയിപ്പ് നല് കിയിരുന്നുവെന്ന് കേന്ദ്ര ഭൗമശാസ്ത്ര മന്ത്രാലയം,Situational Awareness
മത്സ്യത്തൊഴിലാളികൾക്ക് ബിഗ് സല്യൂട്ട് അർപ്പിച്ച് കേരളത്തിന്റെ ആദരം വീഴ്ചയിൽ കരഞ്ഞിരിക്കാതെ നാടിനെ കൂടുതൽ ഉയർത്തും മുഖ്യമന്ത്രി,Irrelevant
മുക്കം അരീക്കോട് സംസ്ഥാനപാതയിൽ പലയിടത്തും വെള്ളം കയറി ഗതാഗതം തടസ്സപ്പെട്ടിട്ടുണ്ട്,Situational Awareness
വെള്ളപ്പൊക്കത്തിൽ നിന്നും ഞങ്ങളെ രക്ഷിക്കണേ ദൈവമേ,Irrelevant
ദുരിതബാധിതർക്ക് ആശ്വാസമേകാൻ തടവുകാരും വിയ്യൂർ സെൻട്രൽ ജയിലിലെ അന്തേവാസികൾ സ്വരൂപിച്ച ഭക്ഷ്യ വസ്തുക്കൾ കൈമാറി,Volunteering and Donations
ചാലക്കുടിയിലേക്കും ആലുവായിലേക്കും മഴക്കെടുതി അനുഭവിക്കുന്നവർക്കുള്ള ആവശ്യ വസ്തുക്കളുമായി മർകസിൽ നിന്ന് വണ്ടി വരുന്നുണ്ട് വരുന്ന വഴികളിൽ നിന്ന് ആവശ്യ വസ്തുക്കൾ സ്വീകരിക്കുന്നു അരി പഞ്ചസാര വസ്ത്രം പുതപ്പ് മരുന്ന്,Volunteering and Donations
ദുരന്തമുഖത്ത് അതുല്യമായ പ്രവർത്തനങ്ങൾ നടത്തുന്ന ഇന്ത്യൻ സൈന്യത്തിന് കേരളത്തിന്റെ ബിഗ് സല്യൂട്ട്,Irrelevant
എന്റത്രേം പഴക്കമുള്ള ബ്രഷ് ഒക്കെയാണോരോത്തന്മാരു ദുരിതാശ്വാസ ക്യാമ്പിൽ സംഭാവന കൊടുത്തത്,Irrelevant
ഇത്രേം പ്രളയം അതിജീവിച്ച മലയാളിയോടോ ഇജ്ജാതി തള്ള് അതും ഞങ്ങൾ അതിജീവിക്കും,Irrelevant
കേരളത്തിലെ കനത്ത മഴ പശ്ചിമഘട്ട മലനിരകളുടെ പങ്ക് വലുതെന്ന് നാസ,Situational Awareness
സമയം നല്ല മഴയുണ്ട് മണി ആശാന്റെ നോക്കി ഡാം തുറന്നു വിടുന്നില്ലന്ന് ഉറപ്പ് വരുത്തി ഇനി കുറച്ചു ഉറങ്ങട്ടെ ആശാൻ ഇനി ചതിക്കില്ല എന്ന വിശ്വാസത്തോടെ കേരള പ്രജ,Irrelevant
എംസി റോഡിൽ തിരുവല്ലയ്ക്കും ചെങ്ങന്നൂരിനും ഇടയിൽ റോഡിൽ വെള്ളം കയറിയതിനാൽ ഗതാഗതം തടഞ്ഞിരിക്കുന്നു ചെങ്ങന്നൂരിൽ നിന്നു പന്തളത്തിനും ഗതാഗതം കടത്തിവിടുന്നില്ല തിരുവല്ല മാവേലിക്കര തിരുവല്ല എടത്വ അമ്പലപ്പുഴ റൂട്ടിലും ഗതാഗതം നിരോധിച്ചിട്ടുണ്ട്,Situational Awareness
ജൂൺ മുതൽ ജൂലൈ വരെ കനത്ത മഴ ജൂലൈ മുതൽ ഓഗസ്റ്റ് ഒന്നു വരെ അത്ര മഴ ലഭിക്കില്ല വന പർവ്വതങ്ങളിൽ കഴിഞ്ഞ വർഷം ലഭിച്ച മഴയാന്നും ഈവർഷം ലഭിക്കില്ല അങ്ങനെ മഴ ലഭിക്കുമെന്ന ധാരണയൊന്നും മന്ത്രിമാർക്ക് വേണ്ട കാണിപ്പയ്യൂരിന്റെ വിഷുഫലത്തിന് അടപടലം ട്രോൾ,Irrelevant
കനത്ത മഴ വിതച്ച ദുരിതത്തിലും അപകടത്തിലും ജനങ്ങളെ സഹായിച്ചതിൽ ലഭിച്ച ചാരിതാർത്ഥ്യമാണ് എനിക്ക് ലഭിച്ച പിറന്നാൾ സമ്മാനം എങ്കിലും ഞാൻ മഴയെ ശപിക്കില്ല മഴ വെള്ളത്തിന്റെ ഒഴുക്കിന്റെ വഴികൾ തടസപ്പെടുത്തിയ മനുഷ്യന്റെ ക്രൂരമായ അത്യാഗ്രഹത്തെയാണ് ഞാൻ ശപിക്കുന്നത്,Irrelevant
എറണാകുളം തൃശ്ശൂർ ഹൈവേയിൽ കറുകുറ്റി ചാലക്കുടി ഭാഗങ്ങളിൽ വെള്ളം കയറിയതിനാൽ ഗതാഗതത്തെ ബാധിയ്ക്കുന്നു എറണാകുളം ഭാഗത്തു നിന്നും വന്ന് തൃശ്ശൂർ നഗരത്തിലേയ്ക്ക് പ്രവേശിയ്ക്കുന്ന ഭാഗത്ത് വെള്ളം കയറിയിട്ടുണ്ട് ഇവിടെയും ഗതാഗതം നിയന്ത്രിച്ചിട്ടുണ്ട്,Situational Awareness
പാലക്കാട് ജില്ലയിൽ ഏത് ഭാഗത്തേക്ക് എന്ത് അത്യാവശ്യ വസ്തുക്കൾ ആവശ്യമുണ്ടെങ്കിലും വിശദാംശങ്ങളും ലിസ്റ്റും മെസേജായി അയച്ചോളൂ കഴിയുന്നത്ര വേഗം എത്തിച്ചുതരുന്നതാണ് ദിശ പാലക്കാട്,Volunteering and Donations
ഒരു ബിഗ് സല്യൂട്ട് നല് കേണ്ടതുണ്ട് കേരള ഫയര് ആന് ഡ് റെസ്ക്യു സര് വീസിന്,Irrelevant
ഈ സാഹചര്യത്തിൽ പറയാമോ എന്ന് അറിയില്ല ഓണാശംസകൾ വെള്ളം ദുരന്തങ്ങളും തെള്ള് ദുരന്തങ്ങളും കേരളം അതിജീവിക്കും,Irrelevant
എടവനക്കാട് ക്യാമ്പിലേക്ക് പേർക്കുള്ള ഫുഡ് വേണം,Resource Requests
ഉദാരമായി സംഭാവന ചെയ്യൂ കേരളത്തെ സഹായിക്കു,Volunteering and Donations
മടിക്കേരി കുടകിന് വേണ്ടി ആ നാട്ടിലെ ജനങ്ങൾക്കായി പ്രാർത്ഥിക്കാം ഒത്തിരിയേറെ നാശനഷ്ടങ്ങൾ വരുത്തിയ പ്രളയം കുറെയേറെ ആളുകളെ കാണാതായിട്ടുമുണ്ട്,Irrelevant
വേലിയേറ്റ വെള്ളപ്പൊക്കം ദുരന്ത നിവാരണത്തിൻ്റെ പരിധിയിൽ ഉൾനാടൻ മൽസ്യ തൊഴിലാളികൾക്കും കർഷകർക്കും ആശ്വാസം പ്രകൃതി ദുരന്തബാധിതർക്ക് നൽകുന്നതിന് സമാനമായ സാമ്പത്തിക സഹായം അനുവദിക്കാൻ സർക്കാർ ഉത്തരവ്,Irrelevant
ഇങ്ങനെ ഉള്ളവർ ഈ നാട്ടിൽ ഉള്ളപ്പോൾ നമ്മൾ അതിജീവിക്കാതെ എവിടെ പോകാൻ ബിഗ് സല്യൂട്ട്,Irrelevant
ദുരിതാശ്വാസക്യാമ്പുകളിൽ കേരളം അതിജീവിക്കും ഒറ്റക്കെട്ടായി,Irrelevant
നാളെ കുറച്ച് വസ്ത്രങ്ങൾ ആഹാര വസ്തുക്കൾ എന്നിവയുമായി കോഴിക്കോട്ടേക്ക് വരുന്നു ആവശ്യക്കാർക്ക് എത്തിച്ച് കൊടുക്കണം എന്നാഗ്രഹമുണ്ട് ദുരിതാശ്വാസ ക്യാമ്പുകളിൽ എത്തിക്കാൻ സഹായിക്കാമോ ആവശ്യമുള്ള സ്ഥലങ്ങൾ സൂചിപ്പിച്ചാൽ മതിയാകും ആവശ്യസാധാനങ്ങൾ പറഞ്ഞാൽ കൊണ്ട് വരാ,Volunteering and Donations
കോഴിക്കോട് ഇപ്പൊഴും കനത്ത മഴ തുടരുന്നു,Situational Awareness
വീട്ടിൽ രണ്ടാം നിലയിലോ ടെറസിലോ ഒക്കെ ഇരുന്നാൽ ജീവൻ രക്ഷിക്കാനായേക്കും പക്ഷെ ഭക്ഷണം മരുന്ന് വൈദ്യുതി തുടങ്ങിയ അവശ്യസാധനങ്ങളിൽ നിന്ന് ആവും പിന്നെ ഹെലികോപ്റ്റർ വേണം എന്ന് കരഞ്ഞാൽ സമയത്തിന് കിട്ടിക്കോളണംന്നില്ല,Situational Awareness
ദുരിതാശ്വാസ നിധിയിലേക്ക് കൊടുക്കന്നതു കൊണ്ടല്ല ഈ അഭിപ്രായം പറയുന്നത് ഹിന്ദു ക്ഷേത്രങ്ങളിൽ നിന്നും ദുരിതാശ്വാസ നിധിയിലേക്ക് സംഭാവന ചെയ്യുവാൻ ഗവർമെന്റ് തീരുമാനിച്ചു എന്നു കേട്ട മറ്റു മതസ്ഥരുടെ ആരാധനാലയത്തിൽ നിന്നും കൊടുക്കവാൻ ഗവർമെന്റ് തീരുമാനിച്ചുവോ എന്ന് അറിയുവാൻ വേണ്ടിയാണ് വിഡൽ കാസ്ട്രോ,Irrelevant
ഇപ്പോൾ കിട്ടിയത് തിരുവനന്തപുരം കൊല്ലം കാസർകോട് ജില്ലകൾ ഒഴികെ മറ്റല്ലാ ജില്ലകളിലും വീണ്ടും റെഡ് അലർട്ട് ഒഡീഷ തീരത്ത് ന്യൂനമർദം വീണ്ടും ശക്തി പ്രാപിക്കുന്നു ജാഗ്രത പാലിക്കുക,Situational Awareness
ലേശം കൗതുകം കൂടുതലാണ് അതുകൊണ്ട് ചോദിക്കുവാ ഈ വെള്ളപ്പൊക്കം ഉണ്ടാക്കിയത് സംഘികൾ ആണോ കേന്ദ്രസർക്കാർ ആണോ മുൻവിധി കൂടാതെ ഡാം തുറന്നു പ്രളയം വരുത്തിയത് നീയൊക്ക തന്നെ അല്ലേ നിനക്കൊക്കെ സ്വന്തമായി കുനിഞ്ഞിരുന്നു തെറിവിളിച്ചൂടെ ഊളകളെ,Irrelevant
പ്രളയ ദുരന്തത്തിൽ അകപ്പെട്ട എറണാകുളം ജില്ലയിലെ വിവിധ ദുരിതാശ്വാസ കേന്ദ്രങ്ങളിൽ എത്തിക്കാൻ ഹിന്ദു ഹെല്പ് ലൈൻ പ്രവർത്തകർ അവശ്യ വസ്തുക്കൾ സംഭരിക്കുന്നു ഹിന്ദു ഹെല്പ് ലൈൻ,Volunteering and Donations
കൊല്ലം ഇരവിപുരത്തു തീരദേശ മേഖലകളിൽ ഉള്ളവരെ ഇരവിപുരം സെന്റ് ജോൺസ് സ് കൂൾ വാളത്തുങ്കൽ ബോയ്സ് ഹൈ സ് കൂൾ എന്നിവിടങ്ങളിൽ ആരംഭിച്ചിട്ടുള്ള റിലീഫ് ക്യാമ്പുകളിലേക്ക് മാറ്റിയിട്ടുണ്ട് ഭക്ഷണ വസ്തുക്കൾ വസ്ത്രങ്ങൾ,Resource Requests
പമ്പയില് വെള്ളപ്പൊക്കം തീര് ഥാടകര് കുടുങ്ങി,Situational Awareness
നമ്പ സംസ്ഥാനത്തെ ഡാം ഷട്ടർ തുറക്കുന്നതിന് തൊട്ടു മുൻപുള്ള മുന്നറിയിപ്പ്,Situational Awareness
ഒരിടവും സുരക്ഷിതമല്ല വെള്ളം വന്ന് മൂടല്ലേ എന്ന് പ്രാർത്ഥിക്കാനേ കഴിയൂ ഈ അവസ്ഥയിൽ സ്വാമിയേ ശരണമയ്യപ്പ അറിവില്ലാത്തവർ ചെയ്ത കുറ്റങ്ങൾ പൊറുത്ത് അറിവുംബോധവും നല്കി ഈ പരശു ഭൂമിയെ രക്ഷിക്കണേ സ്വാമിയേ ശരണമയ്യപ്പ,Irrelevant
അടുത്തിടെ ഒരുപാട് കുറ്റപ്പെടുത്തിയെങ്കിലും പ്രളയ കാലത്ത് ഇവരുടെ സഹായവും സാമീപ്യവും സേവനവും അംഗീകരിച്ചു കൊടുത്തെ മതിയാവൂ ഹൃദയതിന്ടെ ഉള്ളിൽ നിന്ന് ബിഗ് സല്യൂട്ട്,Irrelevant
വടക്കു കിഴക്കൻ സംസ്ഥാനങ്ങളിലെ വെള്ളപ്പൊക്കം കോടിയുടെ കേന്ദ്ര സഹായം പ്രഖ്യാപിച്ചു,Volunteering and Donations
ഭക്ഷണം വേണം തൃശൂർ മാള എരവത്തൂർ ക്യാമ്പിലേക്ക് ഭക്ഷണം അത്യാവശ്യമാണ്,Resource Requests
ഒരു വശത്ത് ദുരിതാശ്വാസ നിധി പിരിച്ചും ശ്രമദാനം നടത്തിയും ജനങ്ങളോടൊപ്പം നിൽക്കുന്ന അതേ പാർട്ടിയുടെ പ്രവർത്തകർ തന്നെ മറുവശത്ത് ദുരിതാശ്വാസ ക്യാമ്പുകൾ കയ്യേറിയും സാധനങ്ങൾ കയ്യടക്കിയും ജനവിരുദ്ധത,Irrelevant
നെടുമ്പാശേരി വിമാനത്താവളം അടച്ചു,Situational Awareness
എത്ര വെള്ളപ്പൊക്കം വന്നാലും പാഠം പഠിക്കില്ല സർക്കാർ ദുരന്തം വരുമ്പോൾ മാത്രം സഹായം ചോദിച്ചു നടക്കും പിന്നെ തിരുവനന്തപുരത്ത് ചികിൽസിക്കാൻ പോകാൻ കെറയിൽ ഉണ്ടാക്കുന്നതിനേക്കാൾ എളുപ്പത്തിൽ ഓരോ ജില്ലയിലും ഒരു ആർസിസി ഉണ്ടാക്കാമല്ലോ പിന്നെ തലശ്ശേരിയിൽ എംസിസി ഉള്ളത് മറന്നുപോയോ എന്തോ,Irrelevant
കോട്ടയത്ത് കനത്ത മഴ മീനച്ചിലാർ കരകവിഞ്ഞ് ഒഴുകുന്നു,Situational Awareness
തൃശ്ശൂർ കണിമംഗലം പാലയ്ക്കൽ റോഡ് അപകടാവസ്ഥയെ തുടർന്ന് അടച്ചു,Situational Awareness
കോതമംഗലം മുവാറ്റുപുഴ എന്നീ നദികൾ കര കവിഞ്ഞൊഴുകുന്നു ഗതാഗതം നിലച്ചു നദിക്കരയിൽ ഉള്ള കടകളിലും സ്ഥാപനങ്ങളിലും വെള്ളം കയറി കോടി കണക്കിന് രൂപയുടെ നാശനഷ്ട്ടം സംഭവിച്ചിട്ടുണ്ട് കോതമംഗലത്ത് പാറത്തോട്ടു കാവ് വെള്ളത്തിൽ മുങ്ങി,Situational Awareness
ബിഗ് സല്യൂട്ട്,Irrelevant
മണിക്കൂർ കൂടി കനത്ത മഴയ്ക്ക് സാധ്യത ജില്ലകളിൽ വീണ്ടും റെഡ് അലർട്ട് കോട്ടയം എറണാകുളം ഇടുക്കി തൃശൂര് പാലക്കാട് മലപ്പുറം കോഴിക്കോട് വയനാട് ജില്ലകളിൽ റെഡ് അലര് ട്ട് തിരുവനന്തപുരം കൊല്ലം കാസർകോട് ഒഴികെയുള്ള ജില്ലകളിൽ ജാഗ്രതാ നിർദേശം,Situational Awareness
ഏഴു ഡാം തുറന്നു വിട്ട എറണാകുളം ജില്ലയിൽ മരിച്ചത് പേർ ഡാം ഇല്ലാത്ത മലപ്പുറം ജില്ലയിൽ നാല്പതോളം പേർ,Irrelevant
ദുരിതാശ്വാസ നിധിയിലേയ്ക്ക് സംഭാവന നൽകാൻ നിൽക്കുന്നവർ,Volunteering and Donations
ഡാം തുറന്നു വിട്ടപ്പോൾ ഇവനമ്മർക്ക് കിട്ടിയ സാധനം എന്താണെന്ന് വീഡിയോ കണ്ടു നോക്കൂ,Irrelevant
കൊല്ലം പുനലൂർ ഉറുകുന്ന് ക്യാമ്പിലേക്ക് അവശ്യസാധനങ്ങളും വോളണ്ടിയർമാരുടെയും ആവശ്യമുണ്ട്,Resource Requests
കിട്ടിയ മുഴുവൻ തുകയും ചിലവായാലും കുഴപ്പമില്ല മുന്നറിയിപ്പ് ഇല്ലാതെ ഡാം തുറന്നു വിട്ടത് ചർച്ചയാകരുത്,Irrelevant
ചൈനയില് ഖനിയില് വെള്ളപ്പൊക്കം പേര് കുടുങ്ങി,Situational Awareness
പ്രളയചിത്രങ്ങളും വിഡിയോകളും മറ്റും ശേഖരിക്കുന്നു കൈയ്യിൽ ഉള്ള സ്വയമെടുത്ത ചിത്രങ്ങൾ ഷെയർ ചെയ്യുക നല്ലൊരു നാളെയെ വാർത്തെടുക്കാൻ ഒരുപക്ഷേ ഉപകാരപ്പെട്ടേക്കും നമുക്കത് കൃത്യമായി സൂക്ഷിച്ചു വെയ്ക്കാം,Situational Awareness
ഈ കരുതലിന് നന്ദി പറയാൻ വാക്കുകളില്ല ദുരന്തമുഖത്ത് നിൽക്കുന്ന എല്ലാ രക്ഷാപ്രവർത്തകർക്കും ഹൃദയത്തിൽ നിന്ന് ബിഗ് സല്യൂട്ട്,Irrelevant
ചേർത്തല താലൂക്കിലെ വിവിധയിടങ്ങളിലെ ക്യാമ്പുകളിലേക്ക് ഏകദേശം പേർക്ക് പാക്ക് ചെയ്ത ഫുഡ് ഐറ്റംസ് സാനിറ്ററി നാപ്കിൻ ഡ്രസ്സ് മെറ്റീരിയൽസ് മുതലായവ ആവശ്യമുണ്ട് തരുന്ന അളവ് എത്രയാണെങ്കിലും ഞങ്ങൾ വന്ന്,Resource Requests
മുഖ്യമന്ത്രിയുടെ ദുരിതാശ്വാസ നിധി ഇതുവരെ ലഭിച്ചത് കോടി രൂപ,Volunteering and Donations
മലപ്പുറം തിരൂർ ആലത്തിയൂർ ബോയ്സ് ഹൈസ് കൂൾ തുടങ്ങിയ ക്യാമ്പുകളിലെ അവസ്ഥ ഇത്തിരി മോശമാണെന്നറിയുന്നു അവിടേക്ക് അടിയന്തിരമായി എത്തിക്കേണ്ട വസ്തുക്കൾ സ്ത്രീകളുടെ അടിവസ്ത്രങ്ങൾ സാനിറ്ററി നാപ്കിൻസ് പുതപ്പുകൾ,Resource Requests
ഞങ്ങൾ ഇവിടെ കുടുങ്ങിയിരിക്കുന്നു ഞങ്ങളെ രക്ഷിക്കണേ ആരെങ്കിലും രക്ഷിക്കണേ കേരളത്തോട് ഒരപേക്ഷ കണ്ണീർ ദൃശ്യം,Critical Rescue
കേരളത്തിന് അടിയന്തര കേന്ദ്ര സഹായം അനുവദിക്കണം വയനാട് ഉരുൾപൊട്ടൽ ദുരന്തം രാജ്യസഭയിൽ ഉന്നയിച്ച് എൽഡിഎഫ് എംപിമാർ അതിനോട് ഭരണ നേതൃത്വം എടുത്ത സമീപനം കൂടി കാണൂ മറക്കില്ല സാർ കേരളം ഇതൊന്നും,Irrelevant
സോഷ്യൽ മീഡിയയിൽ പോസ്റ്റ് ഇടാതെ മുഖ്യമന്ത്രി ദുരിതാശ്വാസനിധിയിലേക്ക് സംഭാവന നൽകാം എന്നത് നിങ്ങൾക്ക്എത്ര പേർക്ക് അറിയാം,Irrelevant
മന്നം സ് കൂൾ പറവൂർ വെടിമറ സ് കൂൾ പറവൂർ എന്നീ ക്യാമ്പുകളിലേക്ക് വസ്ത്രങ്ങൾ ബെഡ്ഷീറ്റ് അരി പയർ തുടങ്ങിയ പാകം ചെയ്യാവുന്ന സാധങ്ങളും ആവശ്യമുണ്ട്,Resource Requests
നമ്മൾ അതിജീവിക്കും കാരണം കേരളം ഭരിക്കുന്ന ആളുടെ പേര് സഖാവ് പിണറായി വിജയൻ എന്നായത് കൊണ്ടുതന്നെയാണത്,Irrelevant
ഒരു സ്ത്രീ ഏറ്റവും കൂടുതൽ വൃത്തിയിലും ശുദ്ധിയിലുമിരിക്കേണ്ട ദിവസങ്ങളാണു പിരിയ്ഡ് സ് അഥവാ മാസമുറ സമയം നാപ്കിൻ ആവശ്യമുണ്ട് എന്ന് പറയുന്ന പോസ്റ്റുകൾക്ക് ചിരിക്കുന്ന സ്മൈലി ഇടുന്ന ദുരന്തങ്ങളെ അത് എന്താന്ന്,Irrelevant
സംസ്ഥാനത്ത് മഴ കുറയും റെഡ് അലർട്ട് മൂന്ന് ജില്ലകളിൽ മാത്രം എറണാകുളം ഇടുക്കി പത്തനംതിട്ട,Situational Awareness
കുട്ടനാട് മഹാശൂചീകരണ പ്രക്രിയയുടെ ഭാഗമായി സന്നദ്ധപ്രവർത്തകർ വീട് വൃത്തിയാക്കാൻ എത്തി പേരുണ്ടായിരുന്നു കൊല്ലം കൊട്ടിയം ഭാഗത്തുനിന്നുള്ളവർ,Situational Awareness
ദുരിതാശ്വാസ ക്യാമ്പിലേക്ക് ശേഖരിച്ച ആവശ്യ വസ്തുക്കൾ നൽകാൻ ഇരവിപുരത്തെ ക്യാമ്പിൽ ഇന്ന് വൈകുന്നേരം എത്തിയപ്പോൾ,Volunteering and Donations
സംസ്ഥാനത്ത് കാസർഗോഡ് ഒഴികെ ഉള്ള എല്ലാ ജില്ലകളിലും റെഡ് അലർട്ട് ജില്ലകളിലും കനത്ത മഴ ഉണ്ടാകുമെന്ന് കാലാവസ്ഥാ നിരീക്ഷണ കേന്ദ്രം മുന്നറിയിപ്പു നൽകുന്നു എല്ലാവരും ജാഗ്രത പാലിക്കണം,Situational Awareness
ഈ ദുരിതങ്ങൾക്കിടയ്ക്ക് ദുരിതാശ്വാസ ക്യാമ്പിലേക്ക് അവശ്യസാധനങ്ങൾ കൊണ്ടുവരുന്ന വണ്ടികൾ തടഞ്ഞ് നിർത്തി ടോൾ പിരിക്കുന്നു ഗവേർമെന്റോ കളക്ടറോ ഈ വിഷയത്തിൽ അടിയന്തരമായി ഇടപെടണം,Situational Awareness
മലപ്പുറം തിരൂർ പോളിയിൽ പ്രവർത്തിക്കുന്ന ദുരിതാശ്വാസ ക്യാമ്പിലേക്ക് സ്ത്രീകൾക്കുള്ള നൈറ്റിയും പുരുഷന്മാർക്കുള്ള ലുങ്കിയും ആവശ്യമുണ്ട് കഴിയുന്നവർ ഈ നമ്പറിൽ വിളിച്ചു സഹായിക്കുക അയ്യൂബ് താനാളൂർ,Resource Requests
യുടെ ഒരു ഓഡർ വന്നതനുസരിച്ച് ഇനി ക്യാമ്പിലേക്ക് നേരിട്ട് നൽകാൻ കഴിയില്ല പകരം ജില്ലകളിലെ സംഭരണ കേന്ദ്രങ്ങളിലൂടെ മാത്രമേ നൽകാനാകൂ നമ്മൾ പോയി എടുക്കുകയും വേണം മെഡിസിൻ ആവശ്യപ്പെടുന്ന ക്യാമ്പുകളിൽ എത്തിച്ച് തരാനുള്ള സംവിധാനമെങ്കില്ലും ഉണ്ടാവണം,Volunteering and Donations
ഇങ്ങനെ ദുഷിച്ച മനസ്സ് ഉള്ളവരെ ഒന്നും പ്രളയം കൊണ്ടുപോകുന്നില്ലല്ലോ ദൈവമേ എന്ന് പാർത്ഥിച്ചു പോകും ഈ വാർത്ത കേട്ട് കഴിഞ്ഞാൽ ഏതൊരു മലയാളിയും,Irrelevant
കനത്ത മഴ ഗംഗാതീരത്ത് അതീവ ജാഗ്രതാ നിര് ദ്ദേശം കനത്ത മഴയെ തുടര് ന്നു ഗംഗ കരകവിഞ്ഞതോടെ തീരത്തും ഹരിദ്വാറിലും അതീവ ജാഗ്രത നിര് ദ്ദേശം പുറപ്പെടുവിച്ചു,Situational Awareness
ആലുവ ഭാഗത്ത് വെള്ളം ഉയര് ന്നതിനാല് ട്രെയിന് ഗതാഗതം വേഗത കുറച്ചു,Situational Awareness
കനത്ത മഴ തുടരുന്നു മരണം പ്രധാനമന്ത്രി മോദി ഇന്ന് കേരളത്തിൽ,Situational Awareness
ആലപ്പുഴയിലെ ക്യാമ്പിലേക്ക് സ്ത്രീകളുടെയും കുട്ടികളുടെയും വസ്ത്രങ്ങൾ അത്യാവശ്യമായി വേണം ഇന്ന് കുറേ കിട്ടി നാളെയും വേണം ജ്യോതികുമാർ,Resource Requests
മഴ കനത്തു നെടുമ്പാശേരി വിമാനത്താവളം നാല് ദിവസത്തേക്ക് അടച്ചു യാത്രക്കാര് പെരുവഴിയില്,Situational Awareness
മഴക്കെടുതി ഗതാഗതം ഭാഗികമായി പുനഃസ്ഥാപിച്ചു ട്രെയിനുകള് റദ്ദാക്കി,Situational Awareness
ആലുവ യൂ സി കോളേജ് ദുരിതാശ്വാസ ക്യാമ്പിലേക്ക് വളണ്ടിയർമാരെ ആവശ്യമുണ്ട് പേരടങ്ങുന്ന വലിയ ക്യാമ്പാണ് എന്നാൽ ന് ചുവടെയുള്ള വളണ്ടിയര്മാരെ ഇവിടെയുള്ളു കുടിവെള്ളപ്രശ്നവും ടോയ്ലെറ്റുകളുടെയും,Volunteering and Donations
എറണാകുളം സൗത്ത് റെയിൽവേ സ് റ്റേഷനു സമീപമുള്ള സ്കൂളിലെ ക്യാമ്പിലേക്ക് മാറ്റ് ബെഡ്ഷീറ്റുകൾ എന്നിവ അത്യാവശ്യമായി വേണം ദയവായി ഈ നമ്പറിലേക്ക് ബന്ധപ്പെടാമോ,Resource Requests
ഒരേ മനസ്സോടെ കൈയ്യോട് കൈ ചേർന്ന് ക്യാമ്പിലും ഇവിടെയുമായി പ്രവർത്തിച്ച എല്ലാവർക്കും അഭിനന്ദനങ്ങൾ,Irrelevant
സർ ഇതു പെറ്റിയാണോ അതോ ദുരിതാശ്വാസ നിധിയിലേക്ക് കൊടുക്കാന്നു പത്തുകോടിയിലേക്കുളള സംഭാവന ആണോ,Irrelevant
ഉരുൾപൊട്ടൽ ദുരന്തത്തിന് പിന്നാലെ ദുരിതബാധിതർക്ക് വീടുകൾ നിർമ്മിച്ച് നൽകുമെന്ന് യൂസഫലി പ്രഖ്യാപിച്ചിരുന്നു ഇതിന്റെ ഭാഗമായാണ് ഇന്ന് മുഖ്യമന്ത്രിയുടെ ഓഫീസിലെത്തി സഹായം കൈമാറിയത്,Volunteering and Donations
വിലെ അജുവിന് കൊല്ലത്തു മുറി വീടുണ്ട് ആർക്കും ദുരിതാശ്വാസത്തിന്റെ ഭാഗമായി അവിടെ താമസിക്കാം ഭക്ഷണവും നൽകും നമ്പർ അതിജീവിക്കും നമ്മൾ കൂടെയുണ്ട് കേരളം,Volunteering and Donations
വെള്ളം പൊങ്ങാൻ സാധ്യതയുള്ള സ്ഥലങ്ങളിലുള്ള ആളുകൾ പൊങ്ങിക്കിടക്കുന്ന വസ്തുക്കൾ കരുതി വയ്ക്കുക ടയർ ട്യൂബ് റിപ്പയർ ഷോപ്പുകാർ അവരുടെ പക്കലുള്ള പഴയ ട്യൂബുകൾ ഒട്ടിച്ചതെങ്കിലും കാറ്റു നിറച്ചാൽ പൊട്ടരുത് ദയവായി കാറ്റു നിറച്ചു വെള്ളപ്പൊക്കം ഉള്ള സ്ഥലങ്ങളിൽ എത്തിക്കാൻ ശ്രമിക്കുക,Situational Awareness
ശമ്പളമില്ല പുതിയ പുസ്തകത്തിന് റെ റോയൽറ്റി സംഭാവന നൽകി കെ ആർ മീര,Volunteering and Donations
ഇപ്പോൾ പള്ളുരുത്തി ക്യാമ്പിലേക്ക് വെള്ളം ആവശ്യമുണ്ട്,Resource Requests
ദുരിതക്കയത്തിൽ മുങ്ങിയ കേരളം നികുതി അടയ്ക്കാതെ പ്രവാസികൾ അയച്ച വസ്തുക്കൾ മലയാളികൾക്ക് കിട്ടില്ല,Situational Awareness
അങ്ങനെ ക്ലബ് കമ്മിറ്റി കൂടി അത് തീരുമാനമാക്കി ഓണത്തോട് അനുബന്ധിച്ചു ഇത്തവണ കലാ കായിക മത്സരങ്ങൾ വേണ്ടന്നും അതിനു വകായിരുത്തിയാ തുക മുഖ്യമന്ത്രിയുടെ ദുരിതാശ്വാസ നിധിയിലേക്ക് സംഭാവന ചെയ്യാനും,Irrelevant
വീട്ടിൽ അസുഖമുള്ളവരോ അംഗപരിമിതരോ ഭിന്നശേഷിക്കാരോ പ്രായമായവരോ കുട്ടികളോ ഒക്കെയുള്ളവർ അവരെ പ്രത്യേകം ശ്രദ്ധിക്കുക വെള്ളപ്പൊക്കം ഉണ്ടായാല് അവരെ ആദ്യം മാറ്റാൻ ശ്രമിക്കുക പ്രത്യേക സഹായം ആവശ്യമാണെങ്കില് ഇവരെ സംബന്ധിച്ച വിവരം സാമൂഹിക നീതി വകുപ്പിലെ ഉദ്യോഗസ്ഥരെ അറിയിക്കുക,Situational Awareness
ചെറുതോണി പാലവും കവിഞ്ഞ് വെള്ളം ഗതാഗതം തിരിച്ചുവിട്ടു,Situational Awareness
വയനാട്ടിലെ ഉരുൾപൊട്ടൽ കേരളത്തിന് സഹായം നൽകുമെന്ന് കർണാടക സർക്കാർ,Situational Awareness
ഖനിത്തൊഴിലാളികളെ രക്ഷിക്കാനുള്ള ശ്രമം ാം ദിവസത്തിലേക്ക് കുടുങ്ങി കിടക്കുന്നത് പേര് മേഘാലയ വെള്ളപ്പൊക്കം ദുരന്തം കല് ക്കരി ഖനി,Situational Awareness
ദുരിതാശ്വാസ ക്യാമ്പുകളിൽ വ്യക്തികളോ സംഘടനകളോ പേരെഴുതിയ ബാനറും മറ്റും കൊണ്ടു വരാൻ പാടില്ലെന്നായിരുന്നു മുഖ്യമന്ത്രിയുടെ നിർദേശം ജനങ്ങളിൽ നിന്നു ശേഖരിച്ച വസ്തുക്കൾ ക്യാമ്പിൽ കൊടുക്കുമ്പോൾ പാർട്ടിയുടെ പേര് എഴുതാൻ പറ്റുമോ സാർ,Irrelevant
കനത്ത മഴ സംബന്ധിച്ച് കേരളത്തിന് കൃത്യമായ മുന്നിറിയിപ്പ് നല് കിയിരുന്നുവെന്ന് കേന്ദ്ര ഭൗമശാസ്ത്ര മന്ത്രാലയം ഇടുക്കി പത്തനംതിട്ട വയനാട് ജില്ലകളില് കനത്ത മഴ ഉണ്ടാകുമെന്ന് മുന്നറിയിപ്പ്,Situational Awareness
വെള്ളപ്പൊക്കം കാട്ടാന പുഴയിൽ കുടുങ്ങി ഡാമിന്റെ ഷട്ടർ താഴ്ത്തി രക്ഷപ്പെടുത്തി,Situational Awareness
കേരളം അതിജീവിക്കും,Irrelevant
വ്യാഴാഴ്ച മാത്രം മരണം സംസ്ഥാനത്തിന്റെ ജില്ലകളില് റെഡ് അലർട്ട്,Situational Awareness
കോടത്തും കുണ്ടിൽ നിന്നും ചലിശ്ശേരിക്ക് പോകുന്ന റോഡ് വെള്ളത്തിൽ മുങ്ങി അതിനനരികത്തുള്ള വിടുകളിലേക്ക് വെള്ളം കയറാൻ തുടങ്ങി ബ്രാഞ്ച് സെക്രട്ടറി സുബീഷും വിനോദും സംഗീതും ജയനുമൊത്ത് അവിടെയെല്ലാം സന്ദർശിച്ചു,Situational Awareness
ചാണകം ഗോമൂത്രം എന്നൊക്കെ പറഞ്ഞ് ഓടാൻ നോക്കുന്നോ പിടിക്കവനെ ഉത്തരം പറഞ്ഞിട്ട് പോയാൽ മതി മുന്നറിയിപ്പ് കൊടുക്കാതെ ഡാം തുറന്നതെന്തിന്,Irrelevant
ഇടുക്കിയിലും എറണാകുളത്തും മാത്രം ആയി റെഡ് അലർട്ട് ബാക്കി എണ്ണം യെല്ലോ അലർട്ട് രണ്ടെണ്ണം ഓറഞ്ച് അലർട്ട്,Situational Awareness
മാധ്യമങ്ങളിൽ കാണുന്നതിനെക്കാൾ ഭയാനകമാണ് വയനാട് ഉരുൾപൊട്ടൽ ഒരുപാട് മൃതദേഹങ്ങൾ ചാലിയാർ പുഴയിലൂടെ ഒഴുകി വരുന്നു ട്രീ വാലി എന്ന റിസോർട്ടിൽ നൂറോളം ആളുകൾ കുടുങ്ങി കിടക്കുന്നു അമ്പലവയൽ മേപ്പാടി മുണ്ടക്കൈ ചൂരൽമല പ്രദേശങ്ങൾ പൂർണ്ണമായും ഒറ്റപ്പെട്ടു ഇത്രയും ഭീകരമായ ഒരു പ്രകൃതി,Situational Awareness
ചെട്ടികുളങ്ങര ലേക്ക് കമ്പിളി പുതപ്പു കുട്ടികളുടെ ഉടുപ്പ് സാനിറ്ററി നാപ്കിൻ സ്ത്രീകളുടെ ആവശ്യമുണ്ട്,Resource Requests
വരുത്തിവെച്ച പ്രളയം എന്ന് പറയുന്നതാകും ശരി ശക്തമായ മഴ ഉണ്ടാകുമെന്ന് കാലാവസ്ഥ മുന്നറിയിപ്പ് ഉണ്ടായിട്ടും ഡാമിലെ ജലം അവസാനഘട്ടം വരെ ഫുള്ളായി സംഭരിച്ച് നിർത്തി കാലേകൂട്ടി അൽപാൽപം തുറന്നുവിട്ടിരുന്നെങ്കിൽ ദുരന്തത്തിന്റെ വ്യാപ്തി ഇത്രകണ്ട് കൂടില്ലായിരുന്നു,Irrelevant
കൊല്ലം ജില്ലയിലെ അഞ്ചൽ ആയൂർ റോഡ് അഞ്ചൽ പുനലൂർ റോഡ് കുളത്തൂപ്പുഴ മടത്തറ റോഡ് എന്നിവ വെള്ളം കയറിയതിനാൽ അടച്ചിട്ടുണ്ട്,Situational Awareness
സൈന്യത്തിന് നന്ദിയോടെ കേരളം മറക്കില്ല എന്നും ഓർക്കുമെന്ന് മുഖ്യമന്ത്രി,Irrelevant
പെരിയാറ്റില് ജലനിരപ്പ് അഞ്ച് അടിയോളം താഴ്ന്നു ആലുവ മാര് ത്താണ്ഡവര് മ്മ പാലത്തിലൂടെ ഗതാഗതം പുനരാരംഭിച്ചു,Situational Awareness
കേന്ദ്രം കേരളത്തിന് തരുന്നത് കേരളത്തിന് അവകാശപ്പെട്ടതാണെന്നും കേരളത്തിന് തരുന്നത് സംഭാവന ചാരിറ്റി ആണെന്നും ആരെങ്കിലും ആ മറുതായോട് പറഞ്ഞുകൊടുക്കുവോ,Irrelevant
വടക്കു കിഴക്കന് സംസ്ഥാനങ്ങളില് വെള്ളപ്പൊക്കം കോടി സഹായം പ്രഖ്യാപിച്ച് പ്രധാനമന്ത്രി നരേന്ദ്രമോദി,Situational Awareness
പ്രളയം തകര് ത്തത് അരലക്ഷം കിലോമീറ്റര് റോഡ് ലേറെ പാലങ്ങളും,Irrelevant
ആദ്യം വെള്ളം കയറിയത് കുട്ടനാട്ടിൽ ആണ് ഉടനെ തന്നെ ലക്ഷം രൂപയുടെ സാധനങ്ങൾ അവിടെ എത്തിച്ചു മുഖ്യമന്ത്രി ദുരിതാശ്വാസ നിധി തുടങ്ങിയപ്പോൾ തന്നെ യുടെ ൽ നിന്ന് ലക്ഷം രൂപ അടിയന്തര സഹായമായി അയച്ചു,Volunteering and Donations
വയനാട് ഉരുൾപൊട്ടൽ ബാധിതർക്ക് കേന്ദ്ര സഹായം വൈകിയെന്നാരോപിച്ച് സിപിഐ നാളെ പ്രതിഷേധ സമരം സംഘടിപ്പിക്കും നാളെ വൈകുന്നേരം എല്ലാ ബ്രാഞ്ച് ലോക്കല് കേന്ദ്രങ്ങളിലും പന്തം കൊളുത്തി പ്രകടനം നടത്തുമെന്ന് സി പി ഐ സംസ്ഥാന സെക്രട്ടറി ബിനോയ് വിശ്വം പറഞ്ഞു,Situational Awareness
കോട്ടയം കോളജിലെ ദുരിതാശ്വാസ ക്യാമ്പിലേക്ക് കുടിവെള്ളം ആവശ്യമുണ്ട് നേരിട്ടെത്തിക്കാൻ കഴിയുമെങ്കിൽ എത്തിക്കണം,Resource Requests
ഇതുപോലുള്ള ലെറ്റർ ആയിട്ടു കടവന്ത്ര രാജീവ് ഗാന്ധി ഇൻഡോർ സ്റ്റേഡിയം വന്നാൽ ആവശ്യം ഉള്ള സാധങ്ങൾ ക്യാമ്പിലേക്ക് കൊണ്ടുപോകാം ആവശ്യത്തിനുള്ള വസ്തുക്കൾ ഉണ്ട് ഫുഡ് കുറവാണു,Volunteering and Donations
കേരളത്തിന്റെ സ്വന്തം നാവിക സേന അവരാണ് മുക്കുവന്മാർ ബിഗ് സല്യൂട്ട്,Irrelevant
പ്രളയ ദുരിതാശ്വാസത്തിനുള്ള വസ്തുക്കൾ ട്രെയിൻ വഴി സൗജന്യമായി എത്തിക്കാൻ റെയിൽവേ മന്ത്രാലയത്തിന്റെ അനുമതി സ്ഥാപനങ്ങളും യാത്രക്കാരും കെ ാണ്ടുവരുന്ന സാധനസാമഗ്രികൾക്ക് ആനുകൂല്യം ലഭിക്കും,Volunteering and Donations
കേരളം അതിജീവിക്കും ഞങ്ങളുടെ മുഖ്യമന്ത്രിയുടെ പേര് പിണറായി വിജയൻ എന്നാണ് അദ്ദേഹത്ത ഞങ്ങൾ പൂർണമായും വിശ്വസിക്കുന്നു എത്ര ഗോസ്വാമിമാർ ചാനലിൽ ഇരുന്നു ഓരിയിട്ടാലും സംഘപരിവാരങ്ങൾ എത്രയൊക്കെ ഒറ്റുകാരായി വന്നാലും ഒരു പുല്ലും സംഭവിക്കില്ലെന്ന് ഉറപ്പുണ്ട്,Irrelevant
മുഖ്യമന്ത്രിയുടെ ദുരിതാശ്വാസനിധിയിലേക്ക് കോടിരൂപ സംഭാവന ലഭിച്ചു മുഖ്യമന്ത്രി പിണറായി വിജയന്,Volunteering and Donations
യു സി കോളേജിൽ അയ്യായിരത്തോളം പെൺകുട്ടികൾ ഉണ്ട് പാക്കറ്റ് നാപ്കിൻ വേണം കുട്ടികൾ കരഞ്ഞു കൊണ്ടാണ് വിളിക്കുന്നത് സൈസ് ഇന്നർ വെയേഴ് സും വേണം പ്ളീസ് മെട്രോ സ്റ്റേഷനിൽ വോളന്റീർസ് ഉണ്ട് അവരെ ഏൽപ്പിച്ചാൽ എത്തിക്കും സഹായിക്കൂ പ്ളീസ്,Resource Requests
മത്സ്യത്തൊഴിലാളികള് ക്ക് എന്റെ ബിഗ് സല്യൂട്ട് മുഖ്യമന്ത്രി,Irrelevant
രാജു എബ്രഹാം രമേശ് ചെന്നിത്തല എന്നീ രാഷ്ട്രീയബുദ്ധി ജീവികൾ അറിയാൻ ഡാം തുറന്നു വിട്ടത് കൊണ്ടാണ് പ്രളയം തെക്കൻ കേരളത്തിൽ ഉണ്ടായത് എന്ന നിങ്ങളുടെ ആരോപണങ്ങൾക്ക് മറുപടി തരണം എന്ന് തോന്നി ൽ റാന്നി നിയോജകമണ്ഡലത്തിൽ,Irrelevant
ഇ ട്വീറ്റ്ന് കിട്ടണാർറ്റി ഖജനാവിക്ക് സംഭാവന ചെയ്യും ബ ത,Irrelevant
ഡല് ഹിയില് കനത്ത മഴ റോഡില് വെള്ളക്കെട്ട്,Situational Awareness
വളരെ പെട്ടെന്നുള്ള ആവശ്യമായിരുന്നു ചുരുങ്ങിയ സമയം കൊണ്ട് ശാസ്തമംഗലം നിവാസികൾ നെഞ്ചിലേറ്റി ശേഖരിച്ച ഭക്ഷ്യ വസ്തുക്കൾ പഞ്ചായത്ത് ഡയറക്ടർ ശ്രീ അജിത്ത് കുമാറിന് കൈമാറി സഹകരിച്ച പ്രിയപ്പെട്ട നാട്ടുകാർക്ക് ഒരായിരം നന്ദി,Irrelevant
പോത്തൻകോടുള്ള സന്നദ്ധപ്രവർത്തകർ സമാഹരിച്ച ആവശ്യവസ്തുക്കൾ ദുരിതാശ്വാസ ക്യാമ്പുകളിലേക്ക് കൊടുപോകുന്നതിനായി ലോറിയിൽ കയറ്റുന്നു അഭിനന്ദനങ്ങൾ ചങ്ക് സ്,Volunteering and Donations
ദുരിതാശ്വാസ ക്യാമ്പിലേക്കുള്ള സാധനങ്ങൾ ഡൊണേറ്റ് ചെയ്യാൻ താല്പര്യമുള്ള വെട്ടിച്ചിറ പുത്തനത്താണി കാടാമ്പുഴ വളാഞ്ചേരി പരിസര പ്രദേശങ്ങളിലെ വീടുകളിൽ വന്ന് സാധനങ്ങള് ശേഖരിക്കുന്നു,Volunteering and Donations
അധികമൊന്നും സംസാരമൊന്നുമില്ലെങ്കിലും വിളിച്ചാ വിളിപ്പുറത്ത് കിട്ടണ ചില ബന്ധങ്ങളുണ്ട് അത് പോലെയാണ് ഒരാവശ്യമുണ്ടെന്ന് പറഞ്ഞാ മതി കൈയ് മെയ് മറന്ന് കൂടെ നിക്കും കൊടുങ്ങല്ലൂർ ക്യാമ്പിലേക്ക് സാധനങ്ങൾ വേണം ന്ന് പറഞ്ഞേ ഒള്ള് എത്തി,Volunteering and Donations
ഇടപ്പള്ളിയിൽ റോഡ് ഹൈ വേ ലെവൽ പോലും വെള്ളം കയറിയിട്ടില്ല ലുലു മാളിന്റെ ബേസ് മെന്റിൽ വെള്ളം കയറി അതിനടുത്തുള്ള പുഴ കവിഞ്ഞു,Situational Awareness
വയനാട് മുണ്ടക്കൈ ചൂരമൽമല ഉരുൾപൊട്ടൽ ദുരന്തത്തിൽ സാമ്പത്തിക സഹായം ഉൾപ്പെടെയുള്ള കാര്യങ്ങളിൽ ഈ മാസം തന്നെ തീരുമാനമെടുക്കുമെന്ന് കേന്ദ്ര സർക്കാർ ഹൈക്കോടതിയിൽ,Situational Awareness
വയനാട് ഉരുൾപൊട്ടൽ ഒരു മാസം പിന്നിട്ടിട്ടും സർക്കാർ സഹായം ലഭിക്കാത്തതിൽ ദുരിതബാധിതർ പരാതി ഉന്നയിക്കുന്നു,Irrelevant
കസ്തൂരി രംഗൻ ഗാഡ്ഗിൽ റിപ്പോർട്ട് വേണ്ട പരിസ്ഥിതി ലോല പ്രദേശങ്ങൾ സംരക്ഷിക്കണം വേണ്ട ക്വറി പ്രവർത്തനങ്ങൾ നിയന്ത്രിക്കണം വേണ്ട കായല് കയ്യേറുന്നു നിർത്താൻ പറയണം വേണ്ട പെരിയാർ ഒഴുകാൻ അനുവാദം ചോദിക്കുന്നു ഉം പൊക്കോ അയ്യോ രക്ഷിക്കണേ വെള്ളപൊക്കം വെള്ളപൊക്കം അയ്യോ രക്ഷിക്കണേ,Irrelevant
ഒറ്റയാൻ നേർക്കുനേരെ വന്നിട്ടും പതറാതെ ബസ് നിയന്ത്രിച്ച ഡ്രൈവർക്ക് ഒരു ബിഗ് സല്യൂട്ട്,Irrelevant
മൂന്നു ദിവസം മുൻപേ തന്നെ കനത്ത മഴ സംബന്ധിച്ച് റെഡ് അലര് ട്ട് നല് കിയിരുന്നു കേന്ദ്ര ഭൗമമന്ത്രാലയം,Situational Awareness
അസമിലെ കൽക്കരി ഖനിയിൽ വെള്ളപ്പൊക്കം അടി താഴ്ചയിൽ പേർ കുടുങ്ങി ഒരു തൊഴിലാളിയുടെ മൃതദേഹം കണ്ടെത്തി,Situational Awareness
ഒരു ഫിഫ്റ്റി ഫിഫ്റ്റി കളിക്കു താത്പര്യമുണ്ടേൽ ദുരിതാശ്വാസ ഫണ്ടിലേക്ക് സംഭാവന ചെയ്യാം മനസ്സിലായില്ല കോടി ബ്ലാക്കിട്ടാ ഒന്ന് ദുരിതാശ്വാസ ഫണ്ടിലേക്ക് ഒന്ന് വൈറ്റാക്കി എനിക്ക്,Irrelevant
ഒത്തൊരുമയോടെ രക്ഷാപ്രവര് ത്തനം ഉദ്യോഗസ്ഥര് ക്ക് ബിഗ് സല്യൂട്ട്,Irrelevant
ഓരോ കേരളീയനും നിങ്ങളിൽ കടപ്പെട്ടിരിക്കുന്നു ഒരു ജനതയുടെ മുഴുവൻ പ്രാർഥനയുണ്ട് നിങ്ങളുടെ കു ടെ രക്ഷാപ്രവര് ത്തനത്തിലെ റിയല് ഹീറോ സായി കടലിന്റെ മക്കള് അതോടൊപ്പം തന്നെ ഇന്ത്യൻ ആർമി സുഹൃത്തുക്കൾക്കും റെസ്ക്യൂ ടീമ്സിനും ഒരു ബിഗ് സല്യൂട്ട്,Irrelevant
ദുരിതബാധിതർക്കായി ക്രൈസ്തവ എഴുത്തുപുര കർണ്ണാടക സ്റ്റേറ്റ് അവശ്യ വസ്തുക്കൾ ശേഖരിക്കുന്നു,Volunteering and Donations
തൃശൂരിലെ ക്യാമ്പുകളിൽ വിതരണം ചെയ്യാനായി അവശ്യവസ്തുക്കളുടെ കിറ്റ് കണ്ണൂർ കളക്ട്രേറ്റ് ആഡിറ്റോറിയത്തിൽ തയ്യാറാക്കുന്ന സന്നദ്ധപ്രവർത്തകർ,Volunteering and Donations
ആലപ്പുഴ ജില്ലയിലെ കൈനടി കാവാലം ക്യാമ്പുകളിലേക്ക് വസ്ത്രങ്ങൾ പായ കമ്പിളി പുതപ്പ് എന്നിവ വേണം പ്രായമുള്ളവർ കൂടുതൽ ഉള്ള ക്യാമ്പ് ആണത് ആലപ്പുഴ വരെ വള്ളത്തിൽ വന്ന് അവർക്ക് ശേഖരിക്കാൻ കഴിയും റോഡ് മാർഗം വരാൻ പറ്റില്ല,Resource Requests
യുവാക്കളെ ബിഗ് സല്യൂട്ട്,Irrelevant
സൈന്യം വരുന്നില്ലേൽ കൂടുതൽ മൽസ്യത്തൊഴിലാള പ്രദേശങ്ങളിൽ എത്തിക്കുക വാർത്തകളിൽ നിന്ന് മനസ്സിലാവുന്നത് സൈന്യത്തിന് പരിമിതികൾ ഉണ്ടെന്നാണ് മഴ കാരണം ഹെലികോപ്റ്റർ പറക്കില്ലത്രേ കടലിൻറ്റെ മക്കളെ വിളിക്കൂ ജീവൻ രക്ഷിക്കൂ,Situational Awareness
ശിർക്കിനുള്ളവ വൃത്തിയാക്കുന്നവർ സാഹിറന്മാരുടെ സിഹ്റിനുള്ള വസ്തുക്കൾ കൂടി വൃത്തിയാക്കി കൊടുക്കുമോ ശിർക്കിന് താഴെയല്ലേ സിഹ്ർ,Irrelevant
ആലുവയിൽ റയിവേ ഗതാഗതം താൽകാലികമായി നിർത്തിവെച്ചു ആലുവയിൽ റയിൽവേ പാളത്തിൽ വെള്ളം കയറി,Situational Awareness
പാലക്കാട് കുതിരാനിൽ ഒരു വശത്തുകൂടിയുള്ള ഗതാഗതം വൈകിട്ടോടെ പുനസ്ഥാപിക്കുമെന്ന് മന്ത്രി എ കെ ബാലൻ,Situational Awareness
മുഖ്യമന്ത്രിയുടെ ദുരിതാശ്വാസ നിധി മെസേജുകളില് കൃത്രിമം കാട്ടിയ തമിഴ് നാട്ടുകാരൻ പിടിയിൽ,Situational Awareness
സുഹൃത്തുക്കളെ വെള്ളപ്പൊക്കം മൂലം സോഷ്യൽ മീഡിയയിൽ രക്ഷപെടുവാൻ സഹായം അഭ്യർത്ഥിക്കുന്ന പോസ്റ്റുകൾ ഷെയർ ചെയ്യപ്പെടുന്നുണ്ട് അതിൽ പലതും രക്ഷപെടുത്തി കഴിഞ്ഞവ ആയിരിക്കും നിങ്ങൾ അത്തരം പോസ്റ്റുകൾ,Situational Awareness
ഒട്ടേറെ ട്രെയിനുകള് റദ്ദാക്കി ഓടുന്നവ മണിക്കൂറുകൾ വൈകുന്നു ട്രെയിൻ ഗതാഗതവും താറുമാറായി,Situational Awareness
വാഗ്ദാനം കോടിയായി മുഖ്യമന്ത്രിയുടെ ദുരിതാശ്വാസ നിധിയിലേക്ക് സംഭാവന ചെയ്യാം,Volunteering and Donations
രാഹുൽ മനസ്സിലാക്കാത്ത ഒരു കാര്യമെന്താണെന്ന് വെച്ചാൽ ഹിന്ദു ആരുടേയും മതം നോക്കിയല്ല സഹായിക്കുക സേവാഭാരതിയുടെ സേവനം നിങ്ങളാരും കാണില്ല എത്രയോ അമ്പലങ്ങൾ ദുരിതാശ്വാസ നിധിയിലേക്ക് സംഭാവന നൽകിയിരിക്കുന്നു അതുപോലെ വ്യക്തികളും എന്തേ അതൊന്നും കാണാത്തത്,Irrelevant
സമ്മാനത്തുക ദുരിതബാധിതർക്ക് സംഭാവന ചെയ്തു,Volunteering and Donations
ഹി ഹീ അതുകാണ്ടാവും ആ നാട്ടിൽ ഡാം തുറന്നു വിട്ടിട്ടും കല്ലുപോലെ നിന്ന് ബാക്കി ഒലിച്ചു പോയവരെ ഓടിയെത്തി സഹായിക്കുന്നത് കമ്യൂണിസ്റ്റുകാർ ഇവിടെ കേരളം മുന്നും ഭരിച്ചിട്ടുണ്ട് പക്ഷെ എന്റെ ഒരു നിഗമനത്തിൽ ആദ്യമായി ഒരു ബി ജെ പി എം എൽ എ നിയമസഭയിൽ പോയതാണ് ദൈവകോപം ഉണ്ടാവാൻ കാരണം എന്നാണ് ആ ദൈവകോപത്തിൽ നിന്ന് പ്രളയവും ഉണ്ടായി,Irrelevant
രക്ഷിക്കണേ ദിവസം മാത്രം പ്രായമുള്ള കൈകുഞ്ഞു ശ്രീനി ഋഷികേശ് ശ്രീ വിലാസ് പെരിങ്ങര തിരുവല്ല ഫോൺ നവീൻ,Critical Rescue
യു സി കോളേജിൽ അയ്യായിരത്തോളം പെൺകുട്ടികൾ ഉണ്ട് പാക്കറ്റ് നാപ്കിൻ വേണം കുട്ടികൾ കരഞ്ഞു കൊണ്ടാണ് വിളിക്കുന്നത് സൈസ് ഇന്നർ വെയേഴ് സും വേണം പ്ളീസ് ഒന്ന്,Resource Requests
കോട്ടയം കുമരകത്ത് ഒരു ക്യാമ്പിൽ അടിയന്തരമായി കുറച്ചു വസ്ത്രങ്ങൾ ആവശ്യം ഉണ്ട് സ്ത്രീകളും പുരുഷന്മാരും അടങ്ങുന്ന ഗ്രൂപ്പ് ആണ് ചെപ്പുന്നകരി പുത്തൻകോഡ് കുമരകം കോട്ടയം,Resource Requests
ഫോർട്ട് ജനമൈത്രി പോലീസ് വെള്ളപൊക്ക ദുരിതാശ്വാസ ക്യാമ്പുകളിലേക്കുള്ള ഭക്ഷ്യവസ്തുക്കൾ ശേഖരിക്കുന്നു തിരുവനന്തപുരം സിറ്റി പോലീസ് കമ്മീഷണറുടെ നേതൃത്വത്തിൽ ശേഖരിച്ച ഭക്ഷ്യവസ്തുക്കൾ വഹിച്ചുകൊണ്ടുള്ള വാൻ തിരു,Volunteering and Donations
മുഖ്യമന്ത്രിയുടെ ദുരിതാശ്വാസ നിധിയിലേക്ക് ഒരു കോടി ഒരു ലക്ഷം രൂപ സംഭാവന ചെയ്ത് റിച്ചാർഡ് ഹേ എംപി,Volunteering and Donations
ഇത് പോലുള്ള റോഡുകള് ഞങ്ങളുടെ കേരളത്തിലും ഉണ്ടായിരുന്നു ഒരു പ്രളയം അതെല്ലാം കൊണ്ട് പോയി പക്ഷെ തളരാന് ഞങ്ങള് കേരളക്കാര് ഒരുക്കമല്ല ഞങ്ങള് അതിജീവിക്കും,Irrelevant
കാലടി എംസി റോഡില് വെള്ളം കയറി ഗതാഗതം നിരോധിച്ചു,Situational Awareness
കുറവിലങ്ങാട് ദേവമാതാ കോളേജിന്റെ ആഭിമുഖത്തിൽ ദുരിതാശ്വാസ ക്യാമ്പുകളിൽ എത്തിക്കുന്നതിന് വേണ്ടി ഭക്ഷണ സാധനങ്ങളും വസ്ത്രങ്ങളും മരുന്നുകളും ശേഖരിക്കുന്നു ഇന്ന് രാവിലെ മുതൽ കോളേജിൽ സാധനങ്ങൾ എത്തിച്ചു തരാവുന്നതാണ്,Volunteering and Donations
എന്ന് ചെന്നൈയിൽ വെള്ളപ്പൊക്കം ഉണ്ടായപ്പോൾ കേരളം മുഴുവനും അവർക്ക് വേണ്ട സാധനങ്ങൾ നൽകാൻ തയ്യാറായി മുന്നോട്ടു വന്നു ഇന്ന് കേരളം മുഴുവൻ ദുരിതത്തിൽ ആയിട്ടും നമുക്ക് നമ്മുടെ കാര്യം നോക്കാൻ ഒരു പാണ്ടികളുടെടും സഹായം വേണ്ടി വന്നില്ല അവർ സഹായിക്കില്ല എന്ന് പറഞ്ഞിട്ടും തളർന്നില്ല,Irrelevant
ഉരുൾപൊട്ടൽ ദുരന്തത്തിൽ കേന്ദ്ര സർക്കാർ സഹായം നിഷേധിക്കുന്നുവെന്ന് ആരോപിച്ച് വയനാട്ടിൽ ഹർത്താൽ നടത്തിയതിൽ രൂക്ഷ വിമർശനവുമായി ഹൈക്കോടതി ഈ മാസം ന് വയനാട്ടിൽ എൽഡിഎഫ് യുഡിഎഫ് ഹർത്താൽ നടത്തിയതിനെയാണ് ഹൈക്കോടതി വിമർശിച്ചത് നിരുത്തരവാദപരമായ സമീപനമാണ് ഉണ്ടായതെന്നും ഇത് വളരെയധികം,Irrelevant
അരലക്ഷം സംഭാവന നൽകാത്തതിന് റിസോർട്ട് അടിച്ചുതകർത്തു,Irrelevant
പക്ഷേ മറക്കൂ കോടികളോ കോടാനുകോടികളോ ഖജനാവിലേക്ക് സംഭാവന ചെയ്യൂ ഒടുവിൽ ദുരിതവും പ്രളയവും ഇല്ലാതാകുന്ന കാലത്തെ ഒരു ദിവസത്തിൽ രൂപയുടെ റവന്യൂ സ്റ്റാമ്പ് ഒട്ടിച്ച പേപ്പറിൽ വിവരാവകാശ നിയമപ്രകാരം ദുരിതാശ്വാസ,Irrelevant
കണ്ണൂർ പള്ളിക്കുന്നിൽ ഗ്യാസ് ടാങ്കർ മറിഞ്ഞു ചോർച്ചയില്ല ഗതാഗതം നിലച്ചു,Situational Awareness
യുടെ കോടി കേന്ദ്രസർക്കാർക്കാരിന് കൈപ്പറ്റാൻ ബുദ്ദിമുട്ടെങ്കിൽ ഗ്രൂപ്പ് കേരള സർക്കാരിന് കൈമാറും യുസഫ് അലി ബിഗ് സല്യൂട്ട്,Irrelevant
രണ്ട് മണിക്കൂർ നീണ്ടു നിന്ന കനത്ത മഴ വീടിന്റെ ഫസ്റ്റ് സ്റ്റെപ് വരെ വെള്ളം ആയി,Situational Awareness
ഉത്തരേന്ത്യയില് വെള്ളപ്പൊക്കം മലയാളികള് ബിഹാറില് കുടുങ്ങി,Irrelevant
വൈക്കത്തേക്ക് വീണ്ടും ഒരുപാട് സാധനങ്ങൾ ആവശ്യമുണ്ട് പുതപ്പ് വസ്ത്രങ്ങൾ ഭക്ഷണം എല്ലാം,Resource Requests
നിങ്ങളുടെ യൂബർ ആപ്പ് തുറന്നു എന്നുള്ള ഓപ് ഷനിൽ അമർത്തുക നിങ്ങൾ ഉള്ള ഇടത്തേക്ക് ഒരു യൂബർ ഡ്രൈവർ ഉടനെ എത്തുകയും നിങ്ങളുടെ പക്കലുള്ള ദുരിതാശ്വാസ സഹായ വസ്തുക്കൾ പിക്കപ്പ് ചെയ്തു ക്യാന്പുകളിലോ കളക്ഷൻ സെന്ററുകളിലോ എത്തിക്കും കാശ് സ്വീകരിക്കുന്നതല്ല പ്രവർത്തന രീതി,Volunteering and Donations
യു സി കോളേജിൽ അയ്യായിരത്തോളം പെൺകുട്ടികൾ ഉണ്ട് പാക്കറ്റ് നാപ്കിൻ വേണം കുട്ടികൾ കരഞ്ഞു കൊണ്ടാണ് വിളിക്കുന്നത് സൈസ് ഇന്നർ വെയേഴ് സും വേണം പ്ളീസ് ഒന്ന് മെസ്സേജ് ഷെയർ ചെയ്യൂ ആവുന്നത്,Resource Requests
തൃശ്ശൂര് നിന്നും കോഴിക്കോട് കണ്ണൂർ ഭാഗത്തേയ്ക്ക് പോവുന്ന മലപ്പുറം തൃശൂർ അതിർത്തിയായ കടവല്ലൂർ പാടത്ത് റോഡിൽ വെള്ളം കയറി ഗതാഗതം തടസ്സപ്പെടുന്നു ആളൂർ പഞ്ചായത്തിലെ വെള്ളാഞ്ചിറ പ്രദേശം വെള്ളം കയറി നൂറുകണക്കിന് വീടുകൾ ഭാഗികമായി മുങ്ങി കൊണ്ടിരിക്കുന്നു,Situational Awareness
യു സി കോളേജിൽ അയ്യായിരത്തോളം പെൺകുട്ടികൾ ഉണ്ട് പാക്കറ്റ് നാപ്കിൻ വേണം കുട്ടികൾ കരഞ്ഞു കൊണ്ടാണ് വിളിക്കുന്നത് സൈസ് ഇന്നർ വെയേഴ് സും വേണം പ്ളീസ് ഒന്ന് മെസ്സേജ് ഷെയർ ചെയ്യൂ ആവുന്നത് ചെയ്യൂ മെട്രോ സ്റ്റേഷനിൽ വോളന്റീർസ് ഉണ്ട് അവരെ ഏൽപ്പിച്ചാൽ എത്തിക്കും,Resource Requests
കൊച്ചി കുറേ പെൺകുട്ടികൾ ക്യാമ്പിലുണ്ട് ഇടാനുള്ള എല്ലാ വസ്ത്രങ്ങളും വേണം നനഞ്ഞിരിക്കുകയാണ് മറ്റൊരു ക്യാമ്പിൽ നിന്നും എത്തിച്ചവരാണ് ഏതെങ്കിലും കട തുറന്ന് തരുകയോ വസ്ത്രങ്ങൾ,Resource Requests
തമിഴ് നാട്ടിലെ തിരുവണ്ണാമലൈയിൽ ഉരുൾപൊട്ടൽ പേർ കുടുങ്ങി കിടക്കുന്നു,Situational Awareness
യൂഎഇ പിരിച്ച കാശ് വെറുതെ കളയണ്ട പാർട്ടികൾക്ക് സംഭാവന നല്കാൻ ഈ നാട്ടിൽ നിയമതടസ്സമൊന്നും കാണില്ല,Irrelevant
പരുമല സെമിനാരിയിയിൽ പ്രവർത്തിക്കുന്ന ദുരിധാശ്വാസ ക്യാമ്പിലേക്ക് അത്യാവിശ്യ മരുന്നുകളും വസ്ത്രങ്ങളും ആവശ്യമുണ്ട് പരുമലയിൽ പ്രവർത്തിക്കുന്ന ക്യാമ്പിലേക്ക് ആവശ്യമായ സഹായങ്ങൾ ചെയ്തു കൊടുക്കണം എന്നുള്ള കാര്യം സ്നേഹപൂർവം അറിയിക്കുന്നു,Resource Requests
കടലിന്റെ മക്കള് ക്ക് കേരള പൊലീസിന്റെ ബിഗ് സല്യൂട്ട് ജനയുഗം പ്രധാന വാര് ത്തകള് എളുപ്പത്തിലും വേഗത്തിലും ലഭികുന്നതിനായി പ്ലേ സ്റ്റോറില് നിന്നും പബ്ലിക് വൈബ് ഇതിന് മുന് പ് ന്യൂസ് ഡിസ്റ്റിൽ ആപ്പ് ഡൌണ് ലോഡ് ചെയ്യുക,Irrelevant
മന്ത്രി ആക്കിയപ്പോൾ മുതൽ നാണക്കേടല്ലാതെ എന്തെങ്കിലും സംഭാവന പുള്ളി വകയുണ്ടോ പേഴ് സണൽ സ്റ്റാഫിൽ പോലും ഒരൊറ്റ ഹിന്ദുവിന് ഇടം കൊടുത്തിട്ടില്ലെന്നാണ് അറിയാൻ കഴിഞ്ഞത് ന്യൂനപക്ഷ പ്രാതിനിധ്യം വേണമെങ്കിൽ മത്സരിച്ച് ജയിച്ച് പാർലമെന്റിലേക്ക് പോട്ടെ എന്നാണ് അന്നും ഇന്നും എന്റെ അഭിപ്രായം,Irrelevant
ആലപ്പുഴ ക്യാമ്പിലേക്ക് വേണം കോളേജിലോട്ട് പായും ഷീറ്റും ആവിശ്യമുണ്ട് ആരെങ്കിലും സഹായിക്കാന് ഉണ്ടേല്,Resource Requests
കനത്ത മഴ തുടരുന്നു രക്ഷാപ്രവര് ത്തനം ഊര് ജ്ജിതം,Situational Awareness
മുഖ്യമന്ത്രിയുടെ ദുരിതാശ്വാസ നിധിയിലേക്ക് ഇതുവരെ കോടി രൂപ സംഭാവന ലഭിച്ചു മുഖ്യമന്ത്രിക്കും കലക്ടറേറ്റുകളിലും ലഭിച്ച സംഭാവനയും ഓൺലൈൻ ആയി നിക്ഷേപിക്കപ്പെട്ട തുകയും ചേർന്നതാണ് ഈ സംഖ്യ സി എം ഡി ആർ എഫ് ഓൺലൈൻ പേമൻറ് ഗേറ്റ് വേ മുഖേന,Situational Awareness
മോഹന് ദാസിന് റെ പ്രത്യേകത അതാണ് ശ്രീധരന് പിള്ളയെ പോലെയോ പദ്മനാഭനെ പോലെയോ ഒളിച്ചു വച്ച് പറയില്ല പാറെ പള്ളി പൊളിക്കണം എന്ന് തന്നെ തെളിച്ചു പറയും ഡാം തുറന്നു വിട്ടത് നന്നായി ജല ദേവത അനുഗ്രഹിച്ചതാണ് എന്ന് തന്നെ,Irrelevant
മൂന്ന് ദിവസം മുമ്പ് തന്നെ കേരളത്തിന് കനത്ത മഴ സംബന്ധിച്ച് റെഡ് അലര് ട്ട് നല് കിയിരുന്നുവെന്ന് കേന്ദ്ര ഭൗമമന്ത്രാലയം,Situational Awareness
വരെ സംസ്ഥാനത്ത് ഒറ്റപ്പെട്ട കനത്ത മഴ ലഭിക്കും അതിനു ശേഷം മഴയുടെ അളവിൽ കുറവുണ്ടാകും ഇടുക്കി എറണാകുളം പത്തനംതിട്ട ജില്ലകളിൽ റെഡ് അലേർട്ട് പ്രഖ്യാപിച്ചിട്ടുണ്ട്,Situational Awareness
ആര്ട്ട് ഓഫ് ലിവിംഗ് കണ്ണൂരിന്റെ സ്വാന്ത്വനം ഭക്ഷ്യ വസ്തുക്കൾ നൈറ്റികൾ ലേഡീസ് അണ്ടർ ഗാര്മെന്റ്സ് കുട്ടികളുടെ റെഡിമെയിഡ് ഡ്രസ്സുകൾ തോർത്തുകൾ സാനിറ്ററി നാപ്കിനുകൾ സോപ്പുകൾ തുടങ്ങി അമ്പതിനായിരത്തിലധികം രൂപയുടെ സാധനങ്ങൾ തൃശ്ശൂർ എടമറ്റം ഭാഗങ്ങളിലേക്കു,Volunteering and Donations
ത്രിശൂർ ചാലക്കുടിയിൽ ഭക്ഷണം മരുന്ന് ആവശ്യമുണ്ട് ആരും ഒന്നും കഴിച്ചിട്ടും ഇല്ല ഒന്നും അങ്ങോട്ട് ഇതുവരെ എത്തിട്ടുമില്ല,Resource Requests
അങ്ങനെ നമ്മുടെ മുഖ്യമന്ത്രിയുടെ ദുരിതാശ്വാസ നിധി സി എസ് ആർ പരിധിയിൽ ആക്കി ഉത്തരവായിരിക്കുന്നു എന്നറിയുന്നു അങ്ങനെയെങ്കിൽ മുഖ്യമന്ത്രിയുടെ ഇതുവരെ കാണിച്ച കേന്ദ്ര അനുകൂല ടാക്റ്റിക് സ് ഫലം കണ്ടു തുടങ്ങുന്നു എന്നതിൽ അഭിമാനിക്കാം,Situational Awareness
ബി ജെ പി തിരു ജില്ലാ ഓഫീസിൽ ദുരിതാശ്വാസ മേഖലയിൽ സേവാഭാരതിയ്ക്കായ് ശേഖരിച്ച വസ്തുക്കൾ മഹിളാ യുവ മോർച്ച പ്രവർത്തകർ പാക്ക് ചെയ്യുന്നു,Volunteering and Donations
ഇന്ന് ആലപ്പുഴ ജില്ലയിലെ കാർത്തികപ്പള്ളി ഹരിപ്പാട് മേഖലകളിലുള്ള ചില കുടുംബങ്ങൾക്ക് ഭക്ഷ്യ വസ്തുക്കൾ വസ്ത്രങ്ങൾ പായ് ബക്കറ്റ് മുതലായവ നൽകുവാൻ കഴിഞ്ഞു ഈ കാര്യത്തിൽ എന്നെ സപ്പോർട്ട് ചെയ്ത എന്റെ സുഹൃത്തുക്കളായ,Volunteering and Donations
ഒറ്റപ്പാലം കോളേജിലെ ദുരിതാശ്വാസ ക്യാമ്പുകളിലേക്ക് അടിയന്തരമായി ഉപയോഗയോഗ്യമായ പായ പുതപ്പ് തലയിണ പോലോത്ത സാധനങ്ങൾ എത്തിച്ചുകൊടുക്കാൻ നമ്മളുമായി ബന്ധപ്പെട്ടിട്ടുണ്ട് മേൽ പറഞ്ഞ വസ്തുക്കൾ ആർകെങ്കിലും കൊടുത്തു സഹായിക്കാൻ കഴിയും എന്നുണ്ടെങ്കിൽ ഞങ്ങളെ ബന്ധപ്പെടുക,Volunteering and Donations
ഇടുക്കിയിലൊഴികെ ഒരിടത്തും ഡാമുകള് തുറന്നത് മുന്നറിയിപ്പ് നല് കാതെയെന്ന് പ്രതിപക്ഷ നേതാവ് രമേശ് ചെന്നിത്തല,Irrelevant
കേരളം കണ്ട പ്രളയമഴയ്ക്കു പിന്നിൽ പശ്ചിമഘട്ട മലനിരകൾ വഹിച്ച പങ്കു വളരെ വലുതെന്ന് യുഎസ് ബഹിരാകാശ ഏജൻസി നാസ കനത്ത മഴ സംബന്ധിച്ചു പുറത്തുവിട്ട വിവരങ്ങളിലാണു പശ്ചിമഘട്ട മലനിരകളുടെ പങ്ക് നാസ വ്യക്തമാക്കിയിട്ടുള്ളത്,Irrelevant
ഒറ്റക്കെട്ടായി കേരളം അതിജീവിക്കും നമ്മള് ദുരിതാശ്വാസനിധിയിലേക്കുള്ള സംഭാവന കോടി കവിഞ്ഞു,Irrelevant
കാലാവസ്ഥാ പ്രവചനം പാളി പക്ഷേ ഡാമുകള് നേരത്തെ തുറന്നു വിടണമായിരുന്നു എന്ന് ഈ ശ്രീധരന് കാലാവസ്ഥാ പ്രൊജക്ഷന് ഇല്ലാതെ പിന്നെ കവടി നിരത്തി ആണോ ചങ്ങായീ ഡാം തുറന്നു വിടേണ്ടത് ഈ ശ്രീധരന് നല്ല സിവില് എഞ്ചിനീയര് ആണ് മെട്രോ ഒക്കെ ഗംഭീരമായി പണിയും,Irrelevant
ചാലക്കുടി ദേശീയപാതയിൽ നിന്നും വെള്ളം ഇറങ്ങി ഷൊർണൂർ പാലക്കാട് റൂട്ടിൽ ട്രെയിന് ഗതാഗതം പുനരാരംഭിച്ചു,Situational Awareness
ബിഗ് സല്യൂട്ട് രക്ഷാ പ്രവർത്തനത്തിന് വന്ന മത്സ്യതൊഴിലാളികൾക്ക് ദിവസം രൂപ കൊടുക്കും കൂടെ ഇന്ധന ചിലവും കേടായ ബോട്ടുകൾക്ക് നഷ്ടപരിഹാരവും മുഖ്യമന്ത്രി,Irrelevant
എരുമേലിയില് തുണികൾ സാനിറ്ററി പാഡുകൾ പാക്കറ്റ് ആഹാര സാധനങ്ങൾ വേഗം ചീത്ത ആകാത്തവ അടി വസ്ത്രങ്ങൾ പുതിയവ മാത്രം ബ്രഷുകൾ പേസ്റ്റുകൾ അടിസ്ഥാന ആവശ്യങ്ങൾക്കുള്ള സാധനങ്ങൾ എന്നിവ ശേഖരിക്കുന്നു സാധനങ്ങൾ അവശ്യമുള്ളവരും സഹായിക്കാൻ താത്പര്യമുള്ളവരും വിളിക്കാം,Volunteering and Donations
പല ക്യാമ്പുകളിലും ടോയ്ലറ്റ് സംവിധാനം ആവിശ്യമായി വരുന്നൊരു സാഹചര്യമുണ്ടാകാൻ സാധ്യതയുണ്ട് അങ്ങിനെയുള്ള ക്യാമ്പുകൾ ഉണ്ടെങ്കിൽ സന്നദ്ധപ്രവർത്തകർ ഉടൻ തന്നെ ഈ നമ്പറിലേക്ക് വിളിച്ച് മൊബൈൽ ടോയ് ലറ്റുകൾ അവിടേക്ക് എത്തിക്കാൻ ശ്രമിക്കുക,Volunteering and Donations
മറന്ന് പോകരുതാത്തത് ചൂരൽമലയിലും മുണ്ടക്കൈലും ഉരുൾപൊട്ടൽ ഉണ്ടായി നാനൂറിൽ അധികം മനുഷ്യർ നമ്മളെ വിട്ട് പോയിട്ട് ഇന്ന് ദിവസങ്ങൾ ആകുകയാണ് ഇതുവരെ ആയി ഒരു രൂപയുടെ സഹായം കേന്ദ്ര സര്ക്കാർ കേരളത്തിലെ ജനങ്ങൾക്ക് നൽകിയിട്ടില്ല,Situational Awareness
അതിശക്തമായ മഴ കൊങ്കണ് മേഖലയിലെ നിരവധി ജില്ലകളില് വെള്ളപ്പൊക്കം ട്രെയിന് യാത്രക്കാര് കുടുങ്ങി,Situational Awareness
ഇവിടെ കുറയേപ്പേർ ടിഎൽ കണ്ട്രോൾ റൂമാക്കിയപ്പോൾ ഓരോ ട്വീറ്റും വായിച്ചു ഇടക്ക് കേറി ഓരോന്ന് ട്വീറ്റി ടിഎൽ നശിപ്പിക്കാതെ ഇരുന്ന എന്നെപ്പോലുള്ളവർക്കും എന്റെ ബിഗ് സല്യൂട്ട്,Irrelevant
ഇ വാർത്ത ബിഹാറില് കനത്ത മഴയെ തുടര് ന്ന് വെള്ളപ്പൊക്കം മലയാളികള് കുടുങ്ങി കിടക്കുന്നു,Situational Awareness
കട്ടപ്പനയുടെ കിലോമീറ്റർ ചുറ്റളവിൽ വിശപ്പ് അനുഭവിക്കുന്ന ആരെങ്കിലും ഉള്ളതായി അറിഞ്ഞാൽ അവരുടെ ലൊക്കേഷൻ കൃത്യമായി പറഞ്ഞുകൊണ്ട് എന്ന നമ്പറിലേയ്ക്ക് ഫാ സരീഷ് വിളിക്കുക മണിക്കൂറിനുള്ളിൽ ഭക്ഷണസാധനങ്ങളുമായി നിങ്ങളുടെ അടുത്തേയ്ക്ക് സന്നദ്ധപ്രവർത്തകർ എത്തുന്നതായിരിക്കു,Volunteering and Donations
പ്രളയം വരുത്തിയ മഹാസങ്കടങ്ങളിൽപ്പെട്ടവർക്കുവേണ്ടി പ്രാർത്ഥനകൾ ആ സങ്കടങ്ങൾക്കൊപ്പംനിന്ന് ഈദാശംസകൾ,Irrelevant
ഉയർന്ന സർക്കാർ ഉദ്യോഗസ് ഥർ പോലും സാധനങ്ങൾ വാങ്ങി ക്യാമ്പുകളിൽ എത്തിക്കുകയാണ് പക്ഷേ ഇതുകൊണ്ട് മതിയാകില്ല ഇനിയും വേണം വെള്ളം ബ്രെഡ് ബിസ്കറ്റ് അവൽ പേസ്റ്റ് ബ്രൂഷ് നാപ്കിൻ,Resource Requests
അമേരിക്കയുടെയും സംഖ്യകക്ഷികളുടേയും ഉപരോധത്താൽ വീർപ്പ് മുട്ടി സ്വയപ്രാപ്തി വീണ്ടെടുക്കുന്നതിനിടയിലും കഷ്ടത അനുഭവിക്കുന്നവരുടെ കണ്ണീരൊപ്പാൻ സഹായ ഹസ്തവുമായി മുന്നിട്ടിറങ്ങിയ ഖത്തർ അമീറിന് ബിഗ് സല്യൂട്ട്,Irrelevant
മൂഴിയാറിൽ ജലനിരപ്പ് ക്രമാതീതമായി വര്ധിക്കുന്നതിനാൽ ഡാം തുറന്നു വിടാൻ സാധ്യതയുണ്ടെന്ന് പഞ്ചായത്ത് അധികൃതതർ അറിയിച്ചിട്ടുണ്ട് കക്കാട്ടാറിന് തീരത്തുള്ളവർ ജാഗ്രത പാലിക്കണം ഭയപ്പെടേണ്ട സാഹചര്യമില്ല,Situational Awareness
അര് ദ്ധരാത്രി പന്ത്രണ്ടര മണിക്ക് വന്ന് ഒന്നര മണിക്ക് ഡാം തുറന്നു വിടും ആരും പരിഭ്രാന്തരാകരുത് എല്ലരും ഓടിക്കോ എന്നു മുന്നറിയിപ്പ് കൊടുക്കണ ഈ അഴുക്ക് ചാലിനെ ന്യായീകരിക്കാനാണ് കമ്മി ജിഹാദികൾ ശ്രമിച്ചുകൊണ്ടിരിക്കുന്നത്,Irrelevant
ഒരു മാസത്തെ ശമ്പളം നല് കണമെന്ന മുഖ്യമന്ത്രി പിണറായി വിജയന്റെ സാലറി ചലഞ്ച് ഏറ്റെടുത്ത് ജനങ്ങള് മുഖ്യമന്ത്രിയുടെ ദുരിതാശ്വാസ നിധി സര് വകാല റെക്കോര് ഡായ ആയിരം കോടിയിലേക്ക് മലയാളി വാർത്ത ലോകത്തിലുള്ള,Volunteering and Donations
കക്കി ഡാമിന് സമീപം വലിയ മണ്ണിടിച്ചിൽ വെള്ളം ക്രമാതീതമായി കൂടുന്ന അവസ്ഥ അനന്തോടു വള്ളക്കടവ് ഭാഗത്തേക്കുള്ള ഗതാഗതം പൂർണ്ണമായും മുടങ്ങി കക്കി ഡാമിലേക്കുള്ള ഇലക്ട്രിക് ലൈൻ പൊട്ടിവീണു കൊച്ചുപമ്പയിലെ ക്യാന്റീനിലെ എല്ലാ ഭക്ഷണവും തീർന്നു,Situational Awareness
ആലുവ പാനായിക്കുളം ക്യാമ്പിലേക്ക് വസ്ത്രവും ഭക്ഷണവും മരുന്നും ആവശ്യമുണ്ട് എറണാകുളത്തേക്ക് സാധനങ്ങളുമായി പോകുന്നവർ ഒന്ന് ശ്രദ്ധിക്കണേ,Resource Requests
സന്തോഷാശ്രുക്കളാൽ ബിഗ് സല്യൂട്ട്,Irrelevant
കണ്ണൂരിൽ നിന്നും തൃശ്ശൂർ ദുരിതാശ്വാസ ക്യാമ്പിലേക്ക് സാധനങ്ങൾ കൊണ്ട് പോകുന്നതിന് ഒരു വാഹനം ആവശ്യമുണ്ട് ദയവായി ഉടൻ ബന്ധപ്പെടുക,Resource Requests
കേരളത്തിന് ആർട്ട് ഓഫ് ലിവിംഗ് വക ഒൻപതരക്കോടിയുടെ അവശ്യ വസ്തുക്കൾ,Volunteering and Donations
മലപ്പുറം കക്കാടംപൊയിൽ ക്യാമ്പിലേക്ക് പുതപ്പു വേണം തണുപ്പ് സഹിക്കാൻ കഴിയുന്നില്ല എന്നവർ പരാതി പറയുന്നു സഹായിക്കാൻ കഴിയുന്നവർ കോൺടാക്ട്,Resource Requests
മറക്കാൻ കഴിയുമോ ഈ സേവനം സൈന്യത്തിന് ബിഗ് സല്യുട്ട്,Irrelevant
ഒറ്റപ്പന പള്ളിയുടെ ക്യാമ്പിലേക്ക് സാനിറ്ററി നാപ്കിൻസും പായ തലയിണകളും അവിശ്യമുണ്ട് ഇപ്പോ കുറച്ചു കൊടുത്തിട്ടുണ്ട് ഇനിയും ആവശ്യമുണ്ട് കാരണം ഓളം സ്ത്രീകൾ ഉണ്ട്,Resource Requests
നമ്മുടെ ഉത്തരവാദിത്വം കൂടുകയാണ് കുടുങ്ങി കിടക്കുന്നവരെയും കാണാതായവരെയും പൂർണമായും കണ്ടെത്തുകയും രക്ഷിക്കുകയും വേണം ഉരുൾപൊട്ടൽ സംഭവിച്ച മേഖലകളിൽ ഇനിയും തെരച്ചിൽ നടത്തണം അതിനു വിദഗ്ദ്ധരുടെ സഹായം തേടേണ്ടതുണ്ട് കേന്ദ്രത്തിലുള്ളവരുടെ കേരളത്തിനോടുള്ള മനോഭാവം അറിയാമല്ലോ,Situational Awareness
ഇ വാർത്ത വെള്ളം രണ്ടാമത്തെ നിലയിലേക്കും കയറുന്നു ആരെങ്കിലും വന്ന് രക്ഷിക്കണേ സഹായം,Critical Rescue
ശമിക്കാതെ പ്രളയം എട്ട് ജില്ലകളില് കനത്ത മഴ സ്ഥിതി അതീവ ഗുരുതരം രക്ഷാപ്രവര് ത്തനം ഊര് ജിതം,Situational Awareness
ശനിയാഴ്ച്ച അദേഹത്തിനെ കാണാന് സമയം കിട്ടിയിട്ടുണ്ട് തന്റെ സംഭാവന ദുരിതബാധിതര് ക്ക് നേരിട്ട് എത്തിക്കാനും അദേഹത്തോട് ആവശ്യപ്പെടും,Irrelevant
എന്ത് ധൈര്യത്തിലാണ് സർ നിങ്ങളുടെ ദുരിതാശ്വാസ നിധിയിലേക്ക് ഞങ്ങൾ സംഭാവന നൽകേണ്ടത് ഒരു ഭാഗത്ത് നിങ്ങളുടെ പ്രവർത്തകർ പാവങ്ങളുടെ പിച്ച ചട്ടിയിൽ കയ്യിട്ട് വാരുന്നു ദുരിതാശ്വാസ ക്യാമ്പുകൾ കയ്യേരുന്നു മറുഭാഗത്ത് ജന പ്രതിനിധികൾ ഇരകളോട് മോഷമായി സംസാരിക്കുന്നു,Irrelevant
അശാസ്ത്രീയമായ ഡാം തുറന്നു വിട്ടു ഒരു മഹാജനതയെ മരണ മുഖത്തേക്കു തള്ളിവിട്ടവർ അവർ ആരാണെന്നു നാം ചോദിക്കേണ്ട സമയം പക്ഷെ ആ ചോദ്യം ഇല്ലാത്ത കോടിയിൽ മുക്കിക്കളയാൻ ആസൂത്രിതമായി അവർ ശ്രമിച്ചു,Irrelevant
ഭാരത് പെട്രോളിയം നല് കിയ സംഭാവന ബി ജെ പിയുടേതാക്കി വ്യാജപ്രചരണം പൊളിച്ചടുക്കി സോഷ്യല് മീഡിയ,Irrelevant
ഡാമിൽ നിന്നും കുതിച്ചൊഴുകി വരുന്ന വെള്ളത്തിൽ ചെറുതോണി പാലം മുങ്ങിക്കൊണ്ടിരിക്കെ അസുഖ ബാധിതനായ കുട്ടിയെയും നെഞ്ചോട് ചേർത്ത് പിടിച്ചുകൊണ്ട് പാലം മുറിച്ചു കടന്ന ദുരന്ത നിവാരണ സേനാംഗം കനയ്യകുമാറിന് ഇടനെഞ്ചിൽ നിന്നൊരു ബിഗ് സല്യൂട്ട്,Irrelevant
ആലപ്പുഴ തോട്ടപ്പള്ളി അടിയന്തരമായി ആളുകളെ കുട്ടനാട്ടിൽ നിന്നും തോട്ടപ്പള്ളി ദുരിതാശ്വാസ ക്യാമ്പിലേക്ക് മാറ്റിയിരിക്കുന്നു ഇവർക്ക് വേണ്ടി നാളെത്തേക്ക് ഞായറാഴ്ച പൊതി ഭക്ഷണം എത്തിക്കേണ്ടതുണ്ട്,Resource Requests
കേരളം ഇന്ത്യയിൽ അല്ലെ ഞങ്ങൾ നൽകുന്നത് നികുതിപണമല്ലേ തോറ്റുപിന്മാറിയ ഒരു ജനതയല്ല ഞങ്ങൾ അതിജീവിക്കും ഈ ദുരന്തകാലത്തെയും ഞങ്ങൾ ഒറ്റകെട്ടായി,Irrelevant
വരടിയം സ്കുളിൽ സ്ഥിതി ചെയ്യുന്ന ദുരിതാശ്വാസ ക്യാമ്പിലേക്ക് പായ പുതപ്പ് എന്നിവ ആവശ്യമുണ്ട് തരാൻ തയ്യാറുള്ളവർ,Resource Requests
പൂർണ ഗർഭിണിയെ രക്ഷപ്പെടുത്താൻ സാഹസം കാട്ടിയ കമാൻഡർ വിജയ് വർമ്മയ് ക്ക് ബിഗ് സല്യൂട്ട്,Irrelevant
കോട്ടയംകാർ വീണ്ടും ബീഫ് തിന്നാൻ തുടങ്ങി എന്ന് തോന്നുന്നു കോട്ടയത്തു വീണ്ടും കനത്ത മഴ,Irrelevant
ഇന്നും വിശ്രമമില്ലാതെ ഓടിക്കൊണ്ടിരിക്കുന്ന രണ്ടു മരണമാസ്സ് ഫോഴ്സുകളുണ്ട് നമുക്ക് കേരളാ പൊലീസ് ഫയർ റെസ്ക്യൂ ഫോഴ്സ് ബിഗ് സല്യൂട്ട്,Irrelevant
അതുവരെ പൊങ്ങച്ചം പറഞ്ഞവരൊക്കെ കറക്റ്റായി ദാരിദ്രം പറയാൻ മറക്കാത്തത് സംഭാവന ചോദിച്ചു വരുന്നവരുടെ മുമ്പിലാണ്,Irrelevant
സംസ്ഥാന സർക്കാർ ഫുഡ് കോർപ്പറേഷൻ ഗോഡൗണുകളിൽ സൂക്ഷിച്ചിരിക്കുന്നഭക്ഷണ സാധനങ്ങൾ വിതരണം ചെയ്യാൻ തീരുമാനമെടുക്കണം ഭക്ഷണ സാധനങ്ങളുടെ അപര്യാപ്തത കൂടുകയാണെങ്കിൽ സ്വകാര്യ ഗോഡൗണുകളിലുമുള്ള ഭക്ഷ്യ വസ്തുക്കൾ പിടിച്ചെടുക്കാനും വിതരണം ചെയ്യാനും സർക്കാർ ഭക്ഷ്യ വകുപ്പിന്ന് നിർദ്ദേശം നൽകണം,Situational Awareness
വടക്കു കിഴക്കന് സംസ്ഥാനങ്ങളിലെ വെള്ളപ്പൊക്കം കോടിയുടെ കേന്ദ്ര സഹായം പ്രഖ്യാപിച്ചു,Volunteering and Donations
സര് ക്കാരിന്റെ സഹായ നമ്പറുകളും സഹായമാവശ്യമായവരുടേയും സഹായിക്കാന് സന്നദ്ധരായവരുടെയും വിവരങ്ങള് നാലുദിക്കിലേക്കും സന്ദേശങ്ങളായി പറന്നു മുന്നറിയിപ്പ് അവഗണിച്ച് വീടുകളിലും രണ്ടാം നിലകളിലുമിരുന്നവര് ക്കായി കടലിനക്കരെനിന്ന് സഹായ അഭ്യര് ത്ഥനകളെത്തി,Situational Awareness
വീട്ടിൽ അസുഖമുള്ളവരോ അംഗപരിമിതരോ ഭിന്നശേഷിക്കാരോ പ്രായമായവരോ കുട്ടികളോ ഒക്കെയുള്ളവർ അവരെ പ്രത്യേകം ശ്രദ്ധിക്കുക വെള്ളപ്പൊക്കം ഉണ്ടായാല് അവരെ ആദ്യം മാറ്റാൻ ശ്രമിക്കുക പ്രത്യേക സഹായം ആവശ്യമാണെങ്കില് ഇവരെ സംബന്ധിച്ച വിവരം അടുത്തുള്ള പോലീസ് സ്റ്റേഷനില് അറിയിക്കുക,Situational Awareness
ദുരന്ത മുഖത്ത് രാപകലില്ലാതെ നമ്മടെ ജനതയ് ക്കൊപ്പം നിൽക്കുന്ന കേരളാ പോലീസിന് ആ കരുതലിനും സേവന ത്തിനും ഒരുപാട് നന്ദി ബിഗ് സല്യൂട്ട്,Irrelevant
മുഖ്യമന്ത്രിയുടെ ദുരിതാശ്വാസ നിധി കോടി കഴിഞ്ഞു ഫണ്ട് നൽകരുതെന്ന് പ്രചരിപ്പിക്കുന്നവർക്കെതിരെ നടപടി,Situational Awareness
ഇതുപോലുള്ളവരുടെ കരുത്തിൽ കേരളം അതിജീവിക്കും പരട്ട സംഘികളെ,Irrelevant
അശുഭകരമായ ഒരു വാർത്ത കക്കിയിലും പമ്പയിലും കനത്ത മഴ പമ്പ ഡാമിൽ നിന്നും ആനത്തോട് ഡാമിൽ നിന്നും കൂടുതൽ ജലം ഒഴുക്കി കളയേണ്ടിവരാൻ സാധ്യതയുണ്ട് ഡാം അധികൃതർ പത്തനംതിട്ട ആലപ്പുഴ ജില്ലാ കളക്റ്റർമാർക്ക് മെയിലൂടെ മുന്നറിയിപ്പ് നൽകി,Situational Awareness
ആലപ്പുഴ ജില്ലയിലെ ദുരിതാശ്വാസ ക്യാംപുകളിലേക്ക് സാനിറ്ററി നാപ്കിൻ പേസ്റ്റ് ബ്രെഷ് പുതപ്പ് ബ്രഡ്ഡ് അടിവസ്ത്രങ്ങള് മുതലായവ ആവശ്യമുണ്ട്,Resource Requests
ഉത്തരാഖണ്ഡില് ഉരുൾപൊട്ടൽ കേരളത്തിൽ നിന്നുള്ള യാത്രക്കാരടക്കം കുടുങ്ങി,Situational Awareness
കോഴിക്കോട് മലപ്പുറം വയനാട് എന്നിവിടങ്ങളിലെ വിവിധ ക്യാമ്പുകളിലേക്കായി ലേഡീസ് ജെന്റസ് ഇന്നയർ വെയർ മറ്റു അത്യാവശ്യ വസ്ത്രങ്ങൾ എന്നിവ ആവശ്യമുണ്ട് സഹായിക്കാൻ താല്പര്യമുള്ളവർ പ്ലീസ് കോൺടാക്ട്,Resource Requests
കിടങ്ങൂരിന്റെ ചരിത്രത്തിൽ ആദ്യമായ് കിടങ്ങൂർ കട്ടച്ചിറ പാലത്തിന് സമീപം മാവിൻ ചുവട്ടിൽ വെള്ളം കയറിയപ്പോൾ ഏറ്റുമാനൂർ പാലാ റോഡ് ഗതാഗതം പൂർണ്ണമായും സ്തംഭിച്ചു രാത്രി,Situational Awareness
ആലത്തൂർ നെല്ലിയാമ്പതി നെമ്മാറ മേഖലകളിൽ ഉള്ള ദുരിതാശ്വാസ ക്യാമ്പുകൾക്കുള്ള അവശ്യ വസ്തുകൾ എല്ലാം എത്തിയിട്ടുണ്ട് വസ്തുക്കൾ മറ്റും കൊടുക്കുവാൻ ഉദേശികുന്നവർ പാലക്കാട് വിക്ടോറിയ ഇൻഡോർ സ്റ്റേഡിയത്തിൽ എത്തിക്കുക അല്ലെങ്കിൽ തുക മുഖ്യമന്ത്രിയുടെ ദുരിതാശ്വാസ നിധിയിൽ നിക്ഷേപിക്കുക,Volunteering and Donations
ഫോട്ടോ ഷോപ്പുകളും പ്രകോപനങ്ങളും ഏൽക്കാതായപ്പോൾ പത്മനാഭക്ഷേത്രത്തിലെ നിധി പറഞ്ഞ് സംഗികൾ ഇറങ്ങിത്തുടങ്ങി പത്തു ദിവസം കൊണ്ട് ദുരിതാശ്വാസ നിധി ആയിരം കോടി കവിഞ്ഞെങ്കിൽ പത്ത് മാസംകൊണ്ട് കേരള പുനർനിർമാണത്തിനുള്ള വക നമുക്ക് കണ്ടെത്താം ഇരുട്ടിന്റെ കുരുട്ടു ബുദ്ധിയെ കരുതിയിരിക്കുക,Irrelevant
മാറാട് ക്യാമ്പിലേക്ക് അത്യാവശ്യമായി കുറച്ച് ഭക്ഷണ സാധനങ്ങൾ വേണം സഹായിക്കുമോ,Resource Requests
പെയ്തു തീര് ന്നിട്ടില്ല നാളെയും കനത്ത മഴ തുടരും കാരണം ന്യൂനമര് ദം,Situational Awareness
മുസ്ലിം ലീഗിൻറെ യും വിദേശത്തുള്ളവർ കെഎംസിസി യുടെയും ദുരിതാശ്വാസ ഫണ്ടിലേക്ക് സംഭാവന നൽകുന്ന പ്രിയസുഹൃത്തുക്കളെ അവർ സഹായിക്കുന്നത് മുസ്ലിം ലീഗ് അനുകൂലികൾക്ക് മാത്രമാണ് സഹായം നൽകുന്നത് സംഘപരിവാറിനെയും നാണിപ്പിക്കുന്ന,Irrelevant
മത്സ്യത്തൊഴിലാളികൾക്ക് കേരളത്തിന്റെ ബിഗ് സല്യൂട്ട്,Irrelevant
കൈത്താങ്ങാകാൻ ഒരേമനസ്സോടെ സന്നദ്ധപ്രവർത്തകർ,Irrelevant
ഞങ്ങളെ രക്ഷിക്കണേ ആശുപത്രിയില് ഒറ്റപ്പെട്ടത് ഓളം പേര് രക്ഷപ്പെടുത്താന് അപേക്ഷിച്ച് നഴ് സ്,Critical Rescue
പ്രിയമഹാ നായ കേന്ദ്ര പുംഗവന്മാരേ കഴിയുന്ന തന്തയില്ലായ്മകൾ ചെയ്തോളൂ കേരളം മടങ്ങിവരരുത് ഇതാണ് നിങ്ങളുടെ താല്പര്യം കേരളം വീണുപോകാൻ മലയാളികൾ സമ്മതിക്കില്ല ഒരല്പം മുറുക്കിയുടുത്താലും ഞങ്ങൾ അതിജീവിക്കും,Irrelevant
പ്രളയ ബാധിതരായ കുടുംബങ്ങളുടെ സംരക്ഷണം മമ്മൂക്ക ഏറ്റടുക്കുന്നു അഭിനന്ദനങ്ങൾ കയ്യടിക്കടാ,Irrelevant
ജില്ലകളിൽ റെഡ് അലർട്ട് പിൻവലിച്ച സർക്കാർ മാസ്സാണെങ്കിൽ ജില്ലകളിൽ റെഡ് ബക്കറ്റ് ഇറക്കിയ മരണ മാസ്സാണ്,Irrelevant
മുഖ്യമന്ത്രിയുടെ ദുരിതാശ്വാസ നിധിയിലേക്ക് ഓരോ സുപ്രീംകോടതി ജഡ്ജിയും സംഭാവന നൽകും യിരവും അതിനു മുകളിലോട്ടുള്ള തുകയുമാണ് സംഭാവനയായി നൽകുക,Volunteering and Donations
ഉരുൾപൊട്ടൽ ആദ്യഘട്ട സഹായം കൈമാറി മർകസ്,Situational Awareness
സഹായ വസ്തുക്കൾ എളുപ്പം കൈകാര്യം ചെയ്യാൻ ഇതു ചെയ്യുക ദുരിതാശ്വാസ യത്നത്തിന് വ ഴികാട്ടി ഐഐഎം കോ ഴിക്കോട്ടെ വളണ്ടിയർമാർ,Volunteering and Donations
നമ്മുടെ കേരളം നമ്മൾ അതിജീവിക്കും ലഘുലേഖ കാണുക,Irrelevant
ഉരുൾപൊട്ടൽ ദുരന്തം ഏത് കാറ്റഗറിയിൽ പെടുത്തിയാലും സഹായം കിട്ടണം അത് കേരളത്തിൻറെ ഒറ്റക്കെട്ടായ ആവശ്യമെന്ന് എംവി ഗോവിന്ദൻ മാസ്റ്റർ ഏത് കാറ്റഗറിയിൽ പെടുത്തിയാലും സഹായം കിട്ടണം അത് കേരളത്തിൻറെ ഒറ്റക്കെട്ടായ കേരളത്തോടുള്ള കേന്ദ്രത്തിന്റെ അമർഷത്തിന് റെ ഭാഗമാണ് ഈ സഹായം നിഷേധിക്കൽ ബിജെപിയെ സഹായിക്കാനുള്ള സമീപനമാണ് യുഡിഎഫിന് റേത്,Situational Awareness
രക്ഷിക്കണേ സലീംകുമാര് അടക്കം പേര് വീട്ടില് കുടുങ്ങി കിടക്കുന്നു അച്ഛനും അമ്മയും ഉള് പ്പെടെ ഓളം പേര് കുടുങ്ങി കിടക്കുന്നുവെന്ന് നടന് മുന്ന,Critical Rescue
വെള്ളപ്പൊക്കം മൂലം ദുരിതം അനുഭവിക്കുന്നവര് ക്ക് സഹായം എത്തിക്കണം കേരളാ കോണ് ഗ്രസ് എം നീലേശ്വരം വെള്ളപ്പ,Situational Awareness
പീഡനക്കേസ് ഒത്തു തീര് പ്പിനായി കോടതിയിലെത്തിയ യുവാവിനോട് ദുരിതാശ്വാസ നിധിയിലേക്ക് സംഭാവന ചെയ്യാന് കോടതി ഉത്തരവ്,Situational Awareness
ആളുകൾ താമസിക്കുന്ന വണ്ടിപ്പെരിയാർ ക്യാമ്പിലേക്ക് വസ്ത്രങ്ങൾ സാനിറ്ററി നാപ്കിൻ പായ കമ്പിളിപ്പുതപ്പ് മുതലായവ ആവശ്യമുണ്ട് ഭക്ഷണവും വെള്ളവും ഇവിടെ എത്തുന്നുണ്ട് പക്ഷേ മുകളിൽ പറഞ്ഞിരിക്കുന് ത് വളരെ,Resource Requests
പ്രളയക്കെടുതിയിൽ കുടുങ്ങിയവരെ രക്ഷിക്കാൻ കൈമെയ് മറന്ന് ഒറ്റക്കെട്ടായി കേരളം പ്രളയം വിഴുങ്ങിയ ആലപ്പുഴ പത്തനംതിട്ട എറണാകുളം തൃശ്ശൂർ ജില്ലകളിൽ വെള്ളക്കെട്ടും മഴയും അവഗണിച്ച് രക്ഷാപ്രവർത്തനം,Situational Awareness
പിറന്നാളിന് സൈക്കിൾ വാങ്ങാനായി നാല് വർഷം കൂട്ടിവച്ച തന്റെ മുഴുവൻ പൈസയും കേരളത്തിന്റെ ദുരിതാശ്വാസ നിധിയിലേക്ക് സംഭാവന നൽകിയ അനുപ്രിയ മോൾക്ക് ഹീറോ കമ്പനി സൈക്കിൾ സമ്മാനമായി നൽകി,Volunteering and Donations
ഏറ്റവും കൂടുതൽ അഭിനന്ദനങ്ങൾ അർഹിക്കുന്നത് അഭയാർത്ഥികളെ കുറിച്ച് ഇവർക്കല്ലാതെ മറ്റാർക്കാണ് ഇത്ര ആഴത്തിൽ മനസിലാക്കാനാവുക ഭരണകൂടാത്താൽ തിരസ്കൃതരായ ജനതയിൽ നിന്നും ഹൃദയാഭിവാദ്യങ്ങൾ,Irrelevant
പി രാജു എന്തിന് ജർമനിയിൽ പോയി ഡാം തുറന്നു വിടുന്നതിന് മുൻപ് എന്തു കൊണ്ട് മുന്നറിയിപ്പ് തന്നില്ല ചെങ്ങന്നൂർ പ്രദേശത്തു നിന്ന് എന്തു എന്തു കൊണ്ട് ആൾക്കാരെ ഒഴിപ്പിച്ചില്ല ഡാം എന്തു കൊണ്ട് നേരത്തെ തുറന്നു വിട്ടില്ല എല്ലാ ചോദ്യത്തിനും ഉത്തരം റെഡി ആ ഉദണ്ഡപൂരിലെ കാരന്റെ ട്വീറ്റ്,Irrelevant
വെള്ളം ഇറങ്ങി ചാലക്കുടി പ്രത്യക്ഷനായി അഭിനന്ദനങ്ങൾ,Irrelevant
ഡൽഹിയിൽനിന്ന് ടൺ വസ്തുക്കൾ ദുരിതാശ്വാസ നിധിയിലേക്ക് കോടി,Situational Awareness
പ്രിയപ്പെട്ട ടെക് നോപാർക് സുഹൃത്തുക്കളെ തിരുവനന്തപുരം ഉൾപ്പടെയുള്ള കേരളത്തിലെ വിവിധ ജില്ലകളിലേക്കുള്ള ദുരിതാശ്വാസ ക്യാമ്പുകളിൽ എത്തിക്കാനുള്ള അവശ്യ വസ്തുക്കൾ നിങ്ങളിൽ നിന്നും നേരിട്ടു ശേഖരിക്കാൻ ജീവനക്കാരുടെ,Volunteering and Donations
വെള്ളപ്പൊക്കം നിയന്ത്രിക്കാനാകുന്നില്ല കൊച്ചി വിമാനത്താവളം ശനിയാഴ്ച വരെ അടച്ചു,Situational Awareness
കനത്ത മഴ സംസ്ക്കാര ചടങ്ങ് നടത്താനാകാതെ ബന്ധുക്കൾ,Irrelevant
പാലക്കാട് കോളേജിൽ ക്യാമ്പ് തുടങ്ങുന്നു ആവശ്യ വസ്തുക്കൾ ഉടൻ എത്തിക്കണമെന്ന് അഭ്യർത്ഥിക്കുന്നു ത്തിൽ അധികം ആളുകൾ റിലീഫ് ക്യാമ്പിലേക് വരുന്നുണ്ട് പായ തലയണ ഭക്ഷണ സാധനങ്ങൾ,Resource Requests
ന്റെ കേരളം ഇങ്ങിനെയൊക്കെയാണ് ഭായ് അങ്ങിനങ്ങട് തോറ്റ് തരൂല്ല ഞങ്ങള് അതിജീവിക്കും,Irrelevant
പ്രതിധ്വനി തിരുവനന്തപുരം മെഡിക്കൽ കോളേജ് ഫ്ലഡ് റിലീഫ് സെന്ററിനായി മരുന്നുകൾ ശേഖരിക്കുന്നു നിങ്ങൾക്ക് താഴെ കാണുന്ന,Volunteering and Donations
മനുഷ്യത്വം ഇനിയും മരവിച്ചിട്ടില്ല ഇത് ആരാണെന്ന് അറിയില്ല ആരായാലും അഭിനന്ദനങ്ങൾ ചെറുതോണി പാലം മുങ്ങുന്നതിന് നിമിഷങ്ങൾക്കു മുൻപ് അസുഖ ബാധിതനായ കുട്ടിയെ ആശുപത്രിയിൽ എത്തിക്കാൻ കുട്ടിയെയും കൊണ്ട് അതിവേഗം പാലം കടക്കുന്ന ദുരന്തനിവാരണ സേനാംഗം,Situational Awareness
പ്രധാന അറിയിപ്പ് ഒരേ മെസേജുകൾ പലഗ്രൂപ്പുകളിലും വ്യക്തിപരമായും ഷെയർ ചെയ്യപ്പെടുന്നതിനാൽ സന്നദ്ധപ്രവർത്തകർ ഒരേ കേസിനു പിന്നാലെ തുടർച്ചയായി പോകേണ്ട സാഹചര്യം,Situational Awareness
കോഴിക്കോട് വീണ്ടും കനത്ത മഴ,Situational Awareness
മുണ്ടക്കൈ ഉരുൾപൊട്ടൽ ദുരന്തത്തിൽ കുടുംബങ്ങൾക്ക് ധനസഹായം മാസത്തേക്ക് കൂടി നീട്ടി ഉത്തരവിറങ്ങി ജീവനോപാധി നഷ്ടപ്പെട്ട കുടുംബത്തിലെ രണ്ടുപേർക്ക് സഹായം നൽകും,Situational Awareness
മഴയുടെ ശക്തി കുറഞ്ഞു റെഡ് അലർട്ട് എറണാകുളം ഇടുക്കി പത്തനംതിട്ട ജില്ലകളിൽ മാത്രം,Situational Awareness
പൃത്വിരാജ് അയാളുടെ സ്വന്തം കാശ് കൊടുത്ത് കാർ മേടിച്ചു അടക്കേണ്ട റോഡ് ടാക് സും അടച്ചു വണ്ടി നിരത്തിലിറക്കിയപ്പോ മനസിലായി ഈ കാർ നമ്മടെ റോഡിൽ പറ്റില്ലെന്ന് അതിനെക്കുറിച്ചു പുള്ളിയുടെ അമ്മ പരാതിപ്പെട്ടത്തിലെന്താ തെറ്റ്,Irrelevant
ദുരിതാശ്വാസ വസ്തുക്കൾ ട്രെയിൻ വഴി സൗജന്യമായി എത്തിക്കും റെയിൽവേ,Volunteering and Donations
വെള്ളം രണ്ടാമത്തെ നിലയിലേക്കും കയറുന്നു ആരെങ്കിലും വന്ന് രക്ഷിക്കണേ സഹായം അഭ്യര് ഥിച്ച്,Critical Rescue
സാധാരണ റോഡ് ഇല്ല പുളിക്കൽ മുതൽ കൊണ്ടോട്ടി വരെ പലയിടത്തും ബ്ലോക്ക് ആണ് യൂണിവേഴ് സിറ്റി കാക്കഞ്ചേരി വഴി തല്ക്കാലം പോകാം ചുറ്റും വയൽ ആയതിനാൽ വെള്ളം പൊങ്ങി വരൻ ചാൻസ് ഉണ്ട് അങ്ങനെയാണേൽ യൂണിവേഴ് സിറ്റി കഴിഞ്ഞു കോട്ടപ്പുറം വഴി റൺവേയുടെ തെക്കു ഭാഗത്തുള്ള റോഡ് പിടിക്കാം,Situational Awareness
തോട്ടപ്പള്ളി മാത്തേരി ക്യാമ്പിലേക്ക് അത്യാവിശ്യമായി സാനിറ്ററി നാപ്കിൻ കമ്പിളി പുതപ്പു മറ്റ് ആവിശ്യ സാധനങ്ങൾ വേണം ദയവായി കൈ കോർക്കു,Resource Requests
തീവണ്ടി ഗതാഗതം പുനഃസ്ഥാപിക്കാനായില്ല ശനിയാഴ്ചത്തെ ട്രെയിനുകള് പലതും റദ്ദാക്കി,Situational Awareness
മുന്നറിയിപ്പ് നൽകാതെ അണക്കെട്ടുകൾ തുറന്നതില് ജുഡീഷ്യല് അന്വേഷണം വേണമെന്ന് പറയുന്ന സാാ റേ താങ്കള് തന്നെ എത്ര തവണ മുന്നറിയിപ്പ് നല് കിയിട്ടുണ്ട് പത്ര ദൃശ്യ മാധ്യമങ്ങളെല്ലാം എത്ര ദിവസം ഇപ്പോള് തുറക്കും ഇപ്പോള് തുറക്കുമെന്ന തത്സമയ വാര് ത്ത നല് കി,Situational Awareness
കമ്മ്യൂണിസം കൊണ്ട് നാടിന് എന്തൊരു ഐശ്യര്യം ആണല്ലേ രാജ്യം കുതിക്കുന്നു കേരളം മഴക്കെടുതി കൊണ്ട് കിതക്കുന്നു ഭഗവാനെ വിശ്വാസികളെയും എന്റെ നാടിനെയും രക്ഷിക്കണേ അയ്യപ്പ,Irrelevant
മഹാരാജാസ് കോളേജിലെ ക്യാമ്പിലേക്ക് പേർക്ക് ഭക്ഷണവും വെള്ളവും ആവശ്യമുണ്ട് അരുൺ,Resource Requests
കനത്ത മഴ തുടരുന്നു വേമ്പനാട്ട് കായലില് ജലനിരപ്പ് ഉയരുന്നു ആലപ്പുഴ തോരാതെ പെയ്യുന്ന മഴയില് വേമ്പനാട്ട് കായലില്,Situational Awareness
പ്രളയക്കെടുതിയിൽ ദുരന്തമനുഭവിക്കുന്നവർക്കായി തിരുവനന്തപുരം നഗരസഭ നഗരവാസികളിൽ നിന്നും അവശ്യ വസ്തുക്കൾ ശേഖരിക്കുന്നു ആഗസ്റ്റ് ഞായറാഴ്ച രാവിലെ മണി മുതൽ ഉച്ചയ്ക്ക് മണി വരെ നഗരത്തിലെ വിവിധ കേന്ദ്രങ്ങളിൽ കൗണ്ടർ തുറന്നാണ് ശേഖരിക്കുക,Volunteering and Donations
തിരുവനന്തപുരം നഗരസഭ ആഗസ്റ്റ് നു അവശ്യ സാധനങ്ങൾ ശേഖരിക്കുന്നു മേയറുടെ അഭ്യർത്ഥന,Volunteering and Donations
ആലപ്പുഴ മുതൽ തിരുവനന്തപുരം വരെ കനത്ത മഴ,Situational Awareness
എട്ടു ജില്ലകളിലെ റെഡ് അലർട്ട് പിൻവലിച്ചു എറണാകുളം ഇടുക്കി പത്തനംതിട്ട ജില്ലകളിൽ റെഡ് അലർട്ട് പാലക്കാട് മലപ്പുറം കോഴിക്കോട് വയനാട് കോട്ടയം തൃശൂർ കൊല്ലം ആലപ്പുഴ ജില്ലകളിൽ യെല്ലോ അലർട്ട് അടുത്ത രണ്ട് ദിവസത്തേക്ക് കനത്ത മഴ ഉണ്ടാവില്ലെന്ന് കാലാവസ്ഥാ നിരീക്ഷണ കേന്ദ്രം,Situational Awareness
അട്ടപ്പാടി ചുരം നാലിടത്ത് ഇടിഞ്ഞു ഗതാഗതം പൂർണമായും മുടങ്ങിയിരിക്കുകയാണ്,Situational Awareness
മാച്ച് ഫീസ് കേരളത്തിന് റെ ദുരിതാശ്വാസ നിധിയിലേക്ക് സംഭാവന ചെയ്ത് ടീം ഇന്ത്യ,Irrelevant
നിങ്ങളുടെ യൂബർ ആപ്പ് തുറന്നു എന്നുള്ള ഓപ് ഷനിൽ അമർത്തുക നിങ്ങൾ ഉള്ള ഇടത്തേക്ക് ഒരു യൂബർ ഡ്രൈവർ ഉടനെ എത്തുകയും നിങ്ങളുടെ പക്കലുള്ള ദുരിതാശ്വാസ സഹായ വസ്തുക്കൾ പിക്കപ്പ് ചെയ്തു ക്യാന്പുകളിലോ കളക്ഷൻ,Situational Awareness
ദുരിതാശ്വാസ നിധി ലക്ഷ്യമിട്ട് വ്യാജൻമാർ,Irrelevant
ഞാനും ഭാര്യയും കൂടെ ഇന്ന് ഒരു ക്യാമ്പിലേക്ക് സാധനങ്ങൾ വാങ്ങാൻ പോയതാ പാക്കറ്റ് സാനിറ്ററി നാപ്കിൻ എടുത്തായിരുന്നു അപ്പോളാണ് ഇതു കണ്ട് അവിടെ ഉള്ള ചെറുപ്പക്കാർ നമുക്ക് ഇതും വേണം എന്നും പറഞ്ഞ് പോയി എടുക്കുന്നത് കണ്ടത് അവരും ഏതോ ക്യാമ്പിലേക്ക് ഉള്ളവരാണ്,Irrelevant
മുണ്ടക്കൈ ഉരുൾപൊട്ടൽ കേരളത്തിന് ആവശ്യമായ സഹായം നല് കുമെന്ന് കര് ണാടക സര് ക്കാര്,Situational Awareness
ഡയാന ലിസിയെപ്പോലെയുള്ള ലക്ഷക്കണക്കിന് കേരളീയരുടെ കൈകളിൽ കേരളം ഭദ്രം ചെരുപ്പുകുത്തിക്കിട്ടിയ വരുമാനത്തിലെ രൂപയാണ് ഡയാന ലിസി മുഖ്യമന്ത്രിയുടെ ദുരിതാശ്വാസനിധിയിലേക്ക് നൽകിയത് നമ്മൾ അതിജീവിക്കും ഒറ്റക്കെട്ടായി,Irrelevant
കേരളത്തിലെ എല്ലാ ജില്ലകളിലും റെഡ് അലർട്ട് പ്രഖ്യാപിച്ചിട്ടും മരണങ്ങൾ നടന്നിട്ടും അയ്യായിരത്തോളം ആളുകൾ വീടുകളുടെ മുകളിൽ കയറി നിന്ന് ജീവന് വേണ്ടി കേണപേക്ഷിച്ചു കൊണ്ടിരുന്നിട്ടും അണക്കെട്ടുകൾ തുറന്നിട്ടും,Situational Awareness
പ്രളയബാധിത മേഖലകളിൽ അടിയന്തരമായി അയക്കാൻ ശുചീകരണ വസ്തുക്കൾ വേണം കളക്ടർ,Resource Requests
അവിടെയാണ് നമ്മുക്ക് എഞ്ചിനീയറിങ്ങ് വോളണ്ടിയർ മാരെ വേണ്ടത്,Volunteering and Donations
സംസ്ഥാനത്ത് മുഴുവൻ ജില്ലകളിലും റെഡ് അലർട്ട്,Situational Awareness
ഞ്യങ്ങടെ നാട്ടിലും മുറ്റത്ത് വെള്ളം എത്തി ഇന്നലെ രാത്രി റോഡ് വരെ ഉണ്ടാരുന്നുള്ളു വൈദ്യുതി നിലച്ചു ലാന്റ് ഫോൺ വർക്കിംഗ് അല്ലാ പെരിങ്ങിലിപ്പുറം ബുധനൂർ പഞ്ചായത്ത് മാവേലിക്കര ചെങ്ങന്നൂർ താലൂക് ആലപ്പുഴ ജില്ല,Situational Awareness
പ്രളയം തീർന്നെങ്കിലും ദുരന്തങ്ങൾ തീരുന്നില്ലല്ലോ എന്റെ ദൈവമേ,Irrelevant
ഉരുൾപൊട്ടൽ ദുരന്ത ബാധിതർക്ക് സഹായം നൽകണമെന്ന് സ സീതാറാം യെച്ചൂരി ആഗ്രഹിച്ചിരുന്നു യെച്ചൂരിയുടെ ആഗ്രഹപ്രകാരമാണ് സീമ ചിഷ്തി മുഖ്യമന്ത്രിയെ കണ്ട് തുക കൈമാറിയത്,Situational Awareness
ബീഹാറിലെ വെള്ളപ്പൊക്കം മാധ്യമങ്ങളും രാഷ്ട്രീയപാർടികളും മറന്നിരിക്കുന്നു സർക്കാർ സഹായം പോലും ലഭിക്കാതെ പലരും ദുരിതജീവിതം തുടരാൻ വിധിക്കപ്പെട്ടിരിക്കുന്നു ഒരാൾ പോലും തിരിഞ്ഞുനോക്കാൻ പോലും തയ്യാറാവാതിരിക്കുന്ന,Irrelevant
കോട്ടയത്ത് വീണ്ടും ഉരുൾപൊട്ടൽ പൊന്മുടിയിൽ വിനോദസഞ്ചാരികൾ കുടുങ്ങി സംസ്ഥാനത്ത് ജാഗ്രതാനിർദേശം,Situational Awareness
ആലപ്പുഴ കണിച്ചുകുളങ്ങരയിലെ ദുരിതാശ്വാസ ക്യാമ്പിലേക്ക് അടിയന്തിരമായി പായ പുതപ്പ് വസ്ത്രങ്ങൾ പച്ചക്കറികൾ സാനിട്ടറി നാപ്കിൻ കുടിവെള്ള കുപ്പികൾ ആവശ്യമുണ്ട്,Resource Requests
അടുത്തത് വോളണ്ടിയർമാരുടെ ഡേറ്റ ഏകോപിപ്പിക്കുന്ന പണിയാണ് കേരളത്തിൽ അങ്ങോളം ഇങ്ങോളം ഉള്ള പ്രദേശങ്ങളിൽ വോളണ്ടിയർ ചെയ്യുന്ന ആളുകളോട് ഈ നമ്പരിലേക്ക് ഒരു മിസ്ഡ് കോൾ നല്കാൻ ആവശ്യപ്പെടാമോ പൂജ്യം,Resource Requests
കേരളത്തിന് കോടി രൂപയുടെ സഹായം നൽകിയ പ്രിയ നേതാവിന് ബിഗ് സല്യൂട്ട് ഇതിലും നന്നായി ചിത്രീകരിക്കാനാകില്ല,Irrelevant
നെടുമ്പാശേരി വിമാനത്താവളം ശനിയാഴ്ച വരെ അടച്ചു വിമാനങ്ങള് വഴിതിരിച്ചു വിട്ടു,Situational Awareness
സന്തോഷ വാർത്ത മഴ കുറയുന്നു ജില്ലകളിലെ റെഡ് അലർട്ട് മാറ്റി ജില്ലകളിൽ റെഡ് അലർട്ട്,Situational Awareness
അവസാനം കുട്ടനാട് മുഴുവൻ രക്ഷകരായി കടലിന്റെ മക്കൾ മാത്രം കേരളം ആദ്യം നന്ദി പറയേണ്ടത് മത്സ്യ തൊഴിലാളികളോട് ബിഗ് സല്യൂട്ട് കടലിന്റെ മക്കൾക്ക്,Irrelevant
മുഖ്യമന്ത്രിയുടെ ദുരിതാശ്വാസ നിധിയിലേക്ക് രണ്ടു ലക്ഷം രൂപ കെ എസ് ചിത്ര സംഭാവന നല് കിയിരുന്നു,Volunteering and Donations
സർവ്വ സന്നാഹങ്ങളോടും കൂടി കേരളം കണ്ടതിൽ വെച്ച് ഏറ്റവും വലിയ രക്ഷാ പ്രവർത്തനം തുടങ്ങി ഒറ്റക്കെട്ടായി ഒരുമിച്ച് വിട്ടുകൊടുക്കില്ല നമ്മൾ നമ്മൾ അതിജീവിക്കും,Irrelevant
അപ്രതീക്ഷിതമായ മഴയാണ് എല്ലാത്തിനും കാരണമെന്ന തൊടു ന്യായങ്ങളല്ലെ ഇപ്പോൾ അധികൃതർ നിരത്തുന്നത് ന്യൂനമർദ്ദം തീവ്ര ന്യൂനമർദ്ദമായി മാറുന്നുവെന്ന മുന്നറിയിപ്പ് കിട്ടിയിട്ടും ഇടുക്കിക്ക് മീതെ ഒരു മുല്ലപ്പെരിയാർ കൂടി ഉണ്ടെന്ന് ഓർക്കാതെ ഡാം തുറക്കാതെ വച്ചു കൊണ്ടിരുന്നില്ലെ,Situational Awareness
ഇന്ത്യ അപകടത്തില് പൊരുതാം നമുക്കൊന്നായ് എന്ന് നാടു മുഴുവന് ഫ്ളക്സ് വച്ചു നടക്കുന്നവര് ഇപ്പൊ പറയുന്നത് കേരളം അപകടത്തില് കേന്ദ്രമേ രക്ഷിക്കണേ എന്നാണ് പട്ടാളം വന്നാല് സ്ത്രീകളെ ബലാല് സംഗം ചെയ്യും,Irrelevant
വയനാട് ചൂരൽമല മുണ്ടക്കൈ ഉരുൾപൊട്ടൽ ദുരന്തത്തെ ദേശീയ ദുരന്തമായി പ്രഖ്യാപിക്കാതെ സഹായം നിഷേധിക്കുന്ന ബിജെപിയുടെ കേന്ദ്രസർക്കാർ സമീപനത്തിനെതിരെ യുഡിഎഫ് യുവജന സംഘടനകളുടെ നേതൃത്വത്തിൽ പാലക്കാട് നടത്തിയ പ്രതിഷേധം യൂത്ത് ലീഗ് സംസ്ഥാന ജനറൽ സെക്രട്ടറി ശ്രീ പി കെ ഫിറോസ് ഉദ്ഘാടനം ചെയ്തു,Irrelevant
റെഡ് അലർട്ട് നൽകാതെ കളക്ടറെ അറിയിക്കാതെ എപ്പോൾ വേണമെങ്കിലും ഡാമുകൾ തുറക്കുന്ന നവകേരളശിൽപ്പി പിണറായി വിജയൻ ഭരിക്കുന്ന സംസ്ഥാനത്തേക്ക് വേണ്ടി ഇപ്പോൾ പുറത്തിറങ്ങിയ വീടുകളുടെ പുതിയ മാതൃക കോയിക്കോടൻ,Irrelevant
ഇന്ന് സൈന്യത്തിന് ആദരം മത്സ്യത്തൊഴിലാളികളെ ആഗസ്റ്റ് ന് ആദരിക്കും,Irrelevant
കടലിന്റെ മക്കള് ക്ക് കേരള പൊലീസിന്റെ ബിഗ് സല്യൂട്ട്,Irrelevant
സ്വാതന്ത്ര്യം കിട്ടി വർഷത്തിന് ശേഷം പ്രകൃതി ദുരന്തത്തിന് ഐക്യരാഷ്ട്ര സംഘടനയുടെയോ മറ്റേതെങ്കിലും രാജ്യത്തിന്റെയോ സംഭാവന കിട്ടിയിട്ട് വേണം നമുക് കരകയറണമെങ്കിൽ,Irrelevant
കനത്ത മഴ തുടരുന്നു മരണം,Situational Awareness
സർ ഡാം അശാസ്ത്രീയമായി തുറന്നു വിട്ട കാര്യം മറക്കാനാണോ ഇങ്ങനെ ഒരു നാടകം കളിക്കുന്നത് എന്ന് തോനുന്നു ഡാം തുറന്നു വിട്ടത് മോദിയുടെ നിർദ്ദേശ പ്രകാരം ആയിരുന്നു എന്നു കൂടെ അടുത്തു തന്നെ കേൾക്കാം,Situational Awareness
കേരളം മല്ലു മലവാരി മദിരാസി എന്ന വിളിപ്പേരുകൾ ഉള്ള ഈ നാട് ഇതുപോലുള്ള മഹാ ദുരന്തങ്ങൾ താണ്ടി തന്നെ ആണ് വന്നത് ഇതും അതിജീവിക്കും ഉയർത്തെഴുന്നേൽക്കും അതിനു ലോകവും കാലവും സാക്ഷി ഇന്നലെ മുളച്ച പേഡുകൾ മാറി നിൽക്കട്ടെ മലയാളികൾക്ക് താങ്ങായി തണലായി ലോകം മൊത്തം വരും,Irrelevant
ഇന്ന് ഈ സമയമായപ്പോഴേക്കും മരണം ആയെന്നാണ് വാര് ത്ത നാഥാ ഞങ്ങളുടെ നാടിനെ നീ രക്ഷിക്കണേ,Irrelevant
മനുഷ്യരാവട്ടെ നാം ജീവൻ പണയംവെച്ചും ഒരു സഹജീവിയുടെ പ്രാണൻ രക്ഷിക്കുന്ന ഒരുകൂട്ടം മനുഷ്യർ ബിഗ് സല്യൂട്ട്,Irrelevant
തിരുവല്ല ചാത്തങ്കരി ഭാഗത്തു വസ്ത്രം മരുന്ന് സാനിറ്ററി ഐറ്റംസ് അത്യാവശ്യമായി വേണം എത്തിക്കാൻ സാധിക്കുന്നവർ എത്രയും പെട്ടെന്ന് ഈ നമ്പറിൽ കോൺടാക്ട് ചെയ്യുക,Resource Requests
മുന്നറിയിപ്പ് അലിമുക്ക് അച്ചൻകോവിൽ ഗതാഗതം നിലച്ചു ആയൂർ അഞ്ചൽ റോഡിൽ പെരുങ്ങ ള്ളൂർ ഭാഗത്ത് റോഡിൽ വലിയ തോതിൽ വെള്ളം കയറിയതിനെ തുടർന്ന് പൂർണ്ണമായും ഗതാഗതം നിർത്തിവെച്ചു,Situational Awareness
കോട്ടയം ദുരിതാശ്വാസ ക്യാമ്പിലേക്ക് വസ്ത്രം ആവശ്യമുണ്ട് രാവിലെ മണിക്ക് മുൻപ് വിളിക്കുക,Resource Requests
ഡാം തുറന്നു വിട്ടതിൽ വീഴ്ച പറ്റിയിട്ടില്ല സാമാന്യബുദ്ധി വെച്ച് ചിന്തിക്കണമെന്ന് കെഎസ്ഇബ,Situational Awareness
