label,text
Resource Requests,"ശ്രീമൂലനഗരം പഞ്ചായത്തു , ചൊവ്വര കൊണ്ടോട്ടി , മൂന്നോളം കുടുംബങ്ങൾക്ക് സഹായം ആവശ്യമുണ്ട് , ലാൻഡ് ലൈൻ വർക്കിംഗ് ആണ് 0484-2602077

അടുത്തുള്ളവർ ദയവായി സഹായിക്കുക"
Critical Rescue,"പറവൂർ ഭരണിമുക്ക്​ ചേന്ദമംഗലം
പ്രായമായ മുത്തശ്ശി ഉൾപ്പെടെ കുടുംബം വീടിനു മുകളിൽ കുടുങ്ങിക്കിടക്കുന്നു. രാവി​െല മുതൽ സഹായം പ്രതീക്ഷിച്ച്​ കാത്തു നിൽക്കുന്നു,
9605029937
"
Irrelevant,കുട്ടനാടിന് കൈതാങ്ങാവുക
Volunteering and Donations,അഞ്ജനയുടെ സ്വപ്ന ജോലിയിലെ ആദ്യശമ്പളം പ്രളയബാധിതർക്ക്
Situational Awareness,"കേരളം  കണ്ടിട്ടുള്ളതില്‍  വച്ചേറ്റവും വലിയ പുനരധിവാസ ദൗത്യത്തിന്  28,29,30 തീയതികളില്‍ കുട്ടനാട് സാക്ഷ്യം വഹിക്കുവാന്‍ പോകുകയാണ്. പ്രളയത്തില്‍ വീടുപേക്ഷിച്ച് റിലീഫ് ക്യാമ്പുകളില്‍ അഭയം തേടിയ  ഒന്നരലക്ഷം ആളുകളെ കുട്ടനാട്ടിലെക്ക് തിരികെ മാറ്റി പാര്‍പ്പിക്കാന്‍ ഉള്ള യജ്ഞം."
Volunteering and Donations,പ്രളയം നേരിട്ട സ്ഥലങ്ങളിലെ കുട്ടികൾക്ക് വായിക്കാനുള്ള പുസ്തകങ്ങളെത്തിക്കാനുള്ള ശ്രമങ്ങൾക്ക് നല്ല പ്രതികരണമാണ് ലഭിക്കുന്നത്. കേരള ബുക്ക് മാർക്കിൻറെ ശാഖകൾ അവധി കഴിഞ്ഞ് തുറന്നിട്ടുണ്ട്.
Volunteering and Donations,അച്ഛന്‍ ഒരു മാസത്തെ ശമ്പളം പത്ത് ഗഡുക്കളായി ദുരിതാശ്വാസനിധിയിലേക്ക് നല്‍കുകതന്നെ ചെയ്യുന്നുണ്ട്.
Irrelevant,വെള്ളമിറങ്ങിയെങ്കിലും ജനങ്ങളുടെ ദുരിതം തീരുന്നില്ല. വെള്ളപ്പൊക്കത്തിൽ നശിച്ച വീടും വീട്ടുപകരണങ്ങളും വ്യത്തിയാക്കുന്ന തിരക്കിലാണ് നാട്ടുകാർ
Volunteering and Donations,പ്രളയദുരിതബാധിതര്‍ക്കുള്ള കിറ്റുകള്‍ കാക്കനാട് ജംഗ്ഷനിലെ നഗരസഭ കമ്മ്യൂണിറ്റി ഹാളില്‍ തയാറാക്കിയാണ് ജില്ലയുടെ വിവിധ ഭാഗങ്ങളില്‍ വിതരണം ചെയ്യുന്നത്
Volunteering and Donations,സ്കൂളുകളും കോളജുകളും തുറക്കുന്ന സാഹചര്യത്തിൽ മറ്റു രംഗങ്ങളിൽ നിന്നുള്ളവർ കിറ്റുകൾ പാക്ക് ചെയ്യുന്നതിന് വോളന്റിയർമാരായി മുന്നോട്ടു വരണമെന്ന് അഭ്യർത്ഥിക്കുന്നു.
Situational Awareness,ദുരന്തബാധിതപ്രദേശങ്ങളിൽ സ്ത്രീകളുടെ പ്രത്യുല്പാദനപരമായ  സ്വയംനിർണയാവകാശം സംബന്ധിച്ച കാര്യങ്ങൾ വളരെയധികം പ്രാധാന്യത്തോടെ എടുക്കേണ്ടതാണ്. 
Resource Requests,"ഭക്ഷണവും വസ്ത്രവും ആവശ്യമുണ്ട് - കൊച്ചി/എറണാകുളം
കത്രികടവ് , വരാപ്പുഴ എന്നിവിടങ്ങളിലെ ഏകദേശം 15-20 കുടുംബങ്ങൾക്ക് ഭക്ഷണസാധനങ്ങളും വസ്ത്രങ്ങളും ആവശ്യമാണ്ആവശ്യമായ സാധനങ്ങൾ:

ഭക്ഷണം: അരി, പഞ്ചസാര.

വസ്ത്രങ്ങൾ: പുരുഷന്മാർക്കും സ്ത്രീകൾക്കും കുട്ടികൾക്കും വേണ്ട വസ്ത്രങ്ങൾ.

ബന്ധപ്പെടേണ്ട വ്യക്തി: എലിസബത്ത് ബേൺ 
 +91 8089022194

സഹായം എത്തിക്കാൻ സാധിക്കുന്നവർ ദയവായി ഈ വിവരം മറ്റുള്ളവരിലേക്കും ഷെയർ ചെയ്യുക."
Irrelevant,"സർക്കാരിന് ഉത്തരവാദിത്തം കൂടുകയാണ്. പ്രളയം ആവർത്തിക്കാതിരിക്കാൻ ഭൂമിശാസ്ത്രപരമായി ചെയ്യേണ്ടതെല്ലാം ചെയ്യണം. നികത്തിയ പുഴകൾ, വയലുകൾ എന്നിവ ആദ്യം പുനഃസ്ഥാപിച്ചു വേണം റോഡുകൾ അതും അന്തർദേശീയ നിലവാരത്തിലുള്ളവ ഉണ്ടാക്കാൻ. പുനർനിർമിക്കുക  എന്നതിലുപരി നവകേരളയാണ് ആവശ്യം."
Irrelevant,"പേരുകളില്ലാതെ, മനുഷ്യരെപ്പോലെതന്നെ സാമൂഹ്യമാധ്യമങ്ങളും പ്രളയത്തെനേരിടാന്‍‍ കേരളത്തിനോടൊപ്പമുണ്ടായിരുന്നു. അതില്‍ ഒന്നിനേയും വേര്‍തിരിക്കാനോ, കൂട്ടുകയോ, കുറയ്ക്കാനോ കഴിയില്ല. പ്രളയത്തിന് എല്ലാ ജീവനും ഒരുപോലെയായിരുന്നു എന്നതുപോലെ രാത്രിയും പകലും ഒഴുക്കിയ ജനതയുടെ അദ്ധ്വാനവും കടലുപോലെ വിശാലമാണ്. 
പ്രളയത്തെ നമ്മള്‍ നേരിട്ടത് അങ്ങനെയൊക്കെയാണ്."
Volunteering and Donations,"""ക്യാമ്പീന്ന് തിരിച്ചെത്തീട്ട് റിലീഫ് ഫണ്ട് തരാട്ടോ,എട്ത്ത് വച്ചിട്ടുണ്ട് ഞാൻ
  വെള്ളം നിറഞ്ഞ വീട്ടിൽ നിന്നും വള്ളത്തിലേക്കു പിടിച്ചു കയറി  ദുരിതാശ്വാസക്യാമ്പിലേക്കു പോകുന്നതിനു മുൻപേ   കുടുംബശ്രീ  അയൽക്കൂട്ടാംഗം അവിടെ നിന്നിരുന്ന  അംഗത്തോട് വിളിച്ചു പറഞ്ഞ  വാചകങ്ങളാണ്"
Resource Requests,"പത്തനംതിട്ടയിലെ പ്രളയബാധിത വിദ്യാലങ്ങളിലെ കുട്ടികൾക്കോപ്പം കൂടാൻ കലാകാരന്മാരെ ആവശ്യമുണ്ട് 
പത്തനംതിട്ടയിലെ സ്‌കൂളുകളിൽ പരിപാടികൾ സംഘടിപ്പിക്കുന്നതിനു ജില്ലാഭരണകൂടത്തിന്റെ ശ്രമങ്ങളിൽ ഭാഗമാകാൻ ആഗ്രഹിക്കുന്നവർ  ദയവായി ബന്ധപ്പെടുക 
പാട്ടു . ആട്ടം . പാവക്കുത് , കുട്ടികളുടെ ചിരിയും സന്തോഷവും നിറങ്ങളും തിരികെ കൊണ്ടുവരാൻ സഹായിക്കുന്ന പരിപാടികളുമായി മുൻപോട്ടു വരുമെന്ന് പ്രതീക്ഷിക്കുന്നു 
1 . കമുറ ആര്ട്ട് കമ്മ്യൂണിറ്റി മുൻപോട്ടു വന്നിട്ടുണ്ട്‌
കൂടുതൽ ടീമിന്റെ സഹായം ആവശ്യമുടന്"
Resource Requests,സഹായം ആവശ്യമുണ്ട്
Irrelevant,മൂന്നാറിലെ ടാറ്റായുടെ എത്ര കെട്ടിടങ്ങൾ തകർന്നു?
Volunteering and Donations,വിശാഖപട്ടണത്ത് നിന്നും അത്യാവശ്യ സാധനങ്ങളുടെ കിറ്റുമായി ഒരു വാഹനം വരുന്നുണ്ട് പത്തനംതിട്ട ആലപ്പുഴ ജില്ലകളിലേക്ക് അവിടത്തെ പ്രവർത്തകരുടെ നമ്പർ  ഇൻബോക്സ് ചെയ്യാമോ  
Resource Requests,"പാലിയം ജി.എച്ച്.എസ്.എസ്  ചേന്ദമംഗലം ഈ വെള്ളപ്പൊക്കത്തിൽ ഏറ്റവും കൂടുതൽ ദുരിതം അനുഭവിച്ച സ്‌കൂളുകളിൽ ഒന്നാണ്, ക്ലാസ്സ് മുറികൾ, സ്റ്റാഫ് മുറികൾ, മുഴുവൻ രേഖകൾ, കമ്പ്യൂട്ടറുകൾ,  ലാബുകൾ, ടെക്സ്റ്റ് ബുക്കുകൾ, എല്ലാം നഷ്ടപ്പെട്ടു. കുട്ടികളുടെയും വീടുകളിൽ പ്രളയം കാര്യമായ നഷ്ടം വിതച്ചു. യൂണിഫോം അടക്കം എല്ലാ പഠനസാധങ്ങളും ഒഴുകി പോയി. പ്ലസ് ടു കുട്ടികൾക്കാകട്ടെ ഇത് വരെ ഒരു സഹായവും എത്തിയിട്ടില്ല.  ക്ലാസ്സ് തുടങ്ങാനായി കുറച്ച് ഡെസ്കുകളും സ്റ്റൂളുകളും എങ്കിലും എത്തിക്കാൻ സഹായിക്കാമോ.. അവർക്ക് നഷ്ടപെട്ട പുസ്തക ങ്ങളും, മാറ്റ് സാധാനസമഗ്രികളും എത്തിച്ചു തരണമെന്ന് അപേക്ഷിക്കുന്നു."
Resource Requests,"പാലിയം ജി എസ എച്ച് എസ് ചേന്ദമംഗലം സ്കൂളിലെ ക്ലാസ്സ് മുറികൾ സ്റ്റാഫ് മുറികൾ മുഴുവൻ രേഖകൾ കമ്പ്യൂട്ടറുകൾ,  ലാബുകൾ, ടെക്സ്റ്റ് ബുക്കുകൾ, എല്ലാം നഷ്ടപ്പെട്ടു. യൂണിഫോം അടക്കം എല്ലാ പഠനസാധങ്ങളും ഒഴുകി പോയി. സഹായിക്കാമോ
9497636471  9950372996"
Irrelevant,കേരളത്തിലെ വിനാശകരമായ പ്രളയം 
Irrelevant,"പ്രളയത്തിനുശേഷം, കേരളത്തിലെ വിനോദസഞ്ചാരം ചെളിയിൽ മുങ്ങി."
Irrelevant,മഹാപ്രളയകാലത്ത് സോഷ്യൽമീഡിയ എങ്ങനെയാണ് കൺട്രോൾ റൂം ആയി മാറിയത്
Volunteering and Donations,"മുഖ്യമന്ത്രിയുടെ ദുരിതാശ്വാസ നിധിയിലേക്ക് ചുമട്ടുതൊഴിലാളി ക്ഷേമനിധി ബോർഡ് 
3 കോടി രൂപ സംഭാവന നൽകി. 
ഹൃദയം നിറഞ്ഞ അഭിനന്ദനങ്ങൾ."
Volunteering and Donations,കേരളത്തിന് വേണ്ടി 1 ലക്ഷം രൂപ സംഭാവന ചെയ്യുകയും മെഡൽ നേടിയതിലെ ആഘോഷങ്ങൾ ഒഴിവാക്കി ദുരന്ഥബാധിരോടൊപ്പം നിൽക്കുകയും ചെയ്ത സീമ പുനിയ ചേച്ചിക്ക് പെരുത്ത് സ്നേഹം
Irrelevant,"5,30,000 രൂപയാണ് #അതിജീവനപോരാട്ടത്തിന്   കുട്ടികൾ സംഭാവന ചെയ്തത് 

 ഈ നാട് അതിജീവിക്കുമെന്ന് പറയുന്നത്  ഇതുകൊണ്ടൊക്കെയാവാം"
Critical Rescue,"ഒന്നരമാസമായി രാധാമണി ചേച്ചി വീട്ടിൽ നിന്നുമിറങ്ങിയിട്ട്
ഇനിഎന്ന് വെള്ളമിറങ്ങുമെന്നറിയില്ല"
Situational Awareness,"വെള്ളപ്പൊക്കത്തെ തുടർന്ന് സംസ്ഥാനത്തെ 11 ജില്ലകളിലായി 228 ഗ്രന്ഥശാലകൾ  
ഏറ്റവുമധികം ഗ്രന്ഥശാലകൾ നശിച്ചത് തൃശൂരിലാണ്"
Irrelevant,"ഐക്യകേരളം
ഒന്നിച്ചിറങ്ങുന്നു...
നമുക്ക് കേരളത്തെ പുനർനിർമ്മിക്കാം."
Situational Awareness,സംസ്ഥാനത്തെ പ്രളയ ബാധിത പ്രദേശങ്ങളിലെ ഉപഭോക്താക്കള്‍ക്ക് വൈദ്യുതി ബില്‍ അടയ്ക്കുന്നതിന് ഇളവുകള്‍ പ്രഖ്യാപിച്ചു.
Volunteering and Donations,"കൂടൊരുക്കാം 

 നിങ്ങൾ ഡൊണേറ്റ് ചെയ്യാൻ ആഗ്രഹിക്കുന്ന ഉപകരണം സൈറ്റിൽ ചെന്ന് രെജിസ്റ്റർ ചെയ്യു. ഒരു ""കൂടൊരുക്കാം"" വൊളണ്ടീയർ  നിങ്ങളുടെ സാധനം വന്ന് പിക് അപ് ചെയ്തോളും. ഒരു ആവശ്യക്കാരന് വൊളണ്ടീർ അത്  എത്തിച്ച് കൊടുക്കും."
Irrelevant,മഴ കണക്ക്
Situational Awareness,"മത്സ്യതൊഴിലാളി ജാഗ്രതാ നിർദ്ദേശം:

കേരള, കർണ്ണാടക, ലക്ഷദ്വീപ് തീരങ്ങളിൽ  വടക്ക്പടിഞ്ഞാറ്  ദിശയിൽ നിന്ന് മണിക്കൂറിൽ  35  മുതൽ 45 km വേഗതയിൽ  കാറ്റടിക്കുവാൻ  സാധ്യതയുണ്ട്."
Volunteering and Donations,"ദുരിതബാധിത പ്രദേശങ്ങളിലേക്ക് നല്‍കാനുള്ള ഭക്ഷണം തയ്യാറാക്കുന്നതിനുള്ള കിറ്റിന് പണം മുടക്കാന്‍ എന്റെ ഒരു സുഹൃത്ത് തയ്യാറാണ്. ആ ലപ്പുഴ, ചെങ്ങന്നൂര്‍, ഇടുക്കി, വയനാട്ജില്ലകളില്‍ കോര്‍ഡിനേറ്റര്‍മാര്‍ എന്നെ ബന്ധപ്പെടുത്താമോ/ നമ്പര്‍ തരാമോ."
Volunteering and Donations,"നാല് ചാക്ക് അരിയും കുറച്ച് പലവ്യജ്ഞനങ്ങളും പാലക്കാട് , മുണ്ടൂര്‍ ഉണ്ട്. വണ്ടിവാടക കൊടുക്കാം. ഏറ്റവും അടുത്ത ക്യാമ്പ് എവിടേക്കാണ് അയക്കേണ്ടത്..
ഒന്ന് ഇന്‍ബോക്സ് ചെയ്യണേ."
Irrelevant,"പ്രളയകാലത്ത് കേരളസമൂഹം ഒന്നായിരുന്നു.
ജോലി ഉള്ളവരും, ഇല്ലാത്തവരും, പാവപ്പെട്ടവരും, സമ്പന്നരും, വേര്‍തിരിവുകളില്ലാതെ ഇടതടവുകളില്ലാതെ പ്രവര്‍ത്തിച്ചത് അന്നായിരുന്നു"
Volunteering and Donations,"വെള്ളപ്പൊക്കത്തിൽ സഹായ ഉപകരണം നഷ്ടപ്പെട്ട ഏതെങ്കിലും ഭിന്നശേഷിക്കാരനെ നിങ്ങൾക്ക് അറിയാമോ?

ദയവായി മിസ്റ്റർ ജോസുമായി ബന്ധപ്പെടുകയും ആവശ്യക്കാരന്റെയും അവർക്ക് ആവശ്യമായ സഹായ ഉപകരണത്തിന്റെയും പൂർണ്ണ വിവരങ്ങൾ നൽകുകയും ചെയ്യുക.

ജോസ് കുഞ്ഞ് കെജെ, 7510729871
സംസ്ഥാന പ്രോഗ്രാം കോർഡിനേറ്റർ,"
Volunteering and Donations,"

വെള്ളം കയറി നഷ്ടപ്പെട്ട നിങ്ങളുടെ വീട്ടിലെ ഫ്രിഡ്ജ് , വാഷിംഗ് മെഷിൻ washing machine, എ.സി Ac മുതലായവ തികച്ചും സൗജന്യമായി ഞങ്ങൾ നിങ്ങളുടെ വീട്ടിൽ വന്ന് സർവ്വീസ് ചെയ്തു തരുന്നതാണ്"
Situational Awareness,"കനത്ത മഴയ്ക്കുള്ള മുന്നറിയിപ്പ്: 27.9.18 ന് കേരളത്തിൽ ഒന്നോ രണ്ടോ സ്ഥലങ്ങളിൽ കനത്ത (24 മണിക്കൂറിൽ 7-11 സെന്റീമീറ്റർ) മുതൽ അതിശക്തമായ (24 മണിക്കൂറിൽ 12-20 സെന്റീമീറ്റർ മഴ പെയ്യാൻ സാധ്യതയുണ്ട്, 24 മണിക്കൂറിൽ 7-11 സെന്റീമീറ്റർ മഴ പെയ്യാൻ സാധ്യതയുണ്ട്) മുതൽ 26, 28, 29, 30 തീയതികളിൽ കേരളത്തിൽ ഒന്നോ രണ്ടോ സ്ഥലങ്ങളിൽ മഴ പെയ്യാൻ സാധ്യതയുണ്ട്."
Situational Awareness,"
തിരുവനന്തപുരം, കൊല്ലം, പത്തനംതിട്ട, ഇടുക്കി, എറണാകുളം, തൃശൂർ, പാലക്കാട്, മലപ്പുറം ജില്ലകളിൽ ഇടിമിന്നലോട് കൂടിയ മഴയ്ക്ക് സാധ്യതയുണ്ട്."
Critical Rescue,"വയനാട്ടിൽ നിന്ന് ഏറ്റവും പേടിപ്പിക്കുന്ന വിവരങ്ങളാണ്. 
വയനാട് ജില്ലാ ഭരണകൂടത്തിന്റെ പോസ്റ്റാണ് താഴെ. കൽപ്പറ്റ സിവിൽ സ്റ്റേഷനിൽ അടിയന്തിരമായി സഹായങ്ങൾ എത്തിക്കാൻ പറ്റുന്നവർ മുന്നിട്ടറങ്ങണമെന്ന് അഭ്യർത്ഥന"
Situational Awareness,"ശ്രദ്ധിക്കേണ്ട കാര്യങ്ങൾ.

1.കേരളം അടുത്ത ദുരന്തമുഖത്താണ്. അത്യാവശ്യം അല്ലാത്ത എല്ലാ യാത്രകളും പരിപാടികളും മാറ്റി വയ്ക്കുക. 3 ദിവസത്തേക്ക് സുരക്ഷിതമായി ഇരിക്കുക. മഴ നാളെയും ഇതേപടി തുടർന്നേക്കും"
Situational Awareness,"വയനാട്ടിൽ നിന്ന് ഏറ്റവും പേടിപ്പിക്കുന്ന വിവരങ്ങളാണ്. 
വയനാട് ജില്ലാ ഭരണകൂടത്തിന്റെ പോസ്റ്റാണ് താഴെ. കൽപ്പറ്റ സിവിൽ സ്റ്റേഷനിൽ അടിയന്തിരമായി സഹായങ്ങൾ എത്തിക്കാൻ പറ്റുന്നവർ മുന്നിട്ടറങ്ങണമെന്ന് അഭ്യർത്ഥന."
Volunteering and Donations,"കോഴിക്കോട് - ജില്ലയിൽ ശക്തമായി പെയ്യുന്ന മഴയിൽ അപകടങ്ങൾ തുടർക്കഥയാവുമ്പോൾ സൗജന്യ സേവനവുമായി  
ആവോഡ (ആംബുലസ് ഓണേഴ്‌സ് ഡ്രൈവർസ് അസോസിയേഷൻ) ഏതു സമയവും കുതിച്ചെത്താൻ തയ്യാറായി കഴിഞ്ഞു"
Situational Awareness,"സോഷ്യൽ മീഡിയ ഫീഡുകൾ, ഡാറ്റ നെറ്റ്വർക്ക് ബാൻഡ്‌ വിഡ്ത്ത് ഒക്കെ പൊതുസ്വത്തും പൊതുവിടവുമാണ്. പ്രളയകാലത്തും മറ്റും പ്രത്യേകിച്ച്. 

ഡാറ്റ മിതമായി ഉപയോഗിക്കുക"
Resource Requests,"വയനാട് നടവയൽ ക്യാമ്പിലേക്ക് നൈറ്റി, കൈലി, തോർത്ത്, പുതപ്പ്, അടിവസ്ത്രങ്ങൾ, മുണ്ട്, സാരി തുടങ്ങിയ വസ്ത്രങ്ങൾ അടിയന്തരമായി ആവശ്യമുണ്ട്."
Resource Requests,"09.08.2019
മലപ്പുറം ജില്ലയില്‍ പലയിടങ്ങളിലും കനത്ത മഴതുടരുകയാണ്. നിലമ്പൂര്‍ , എടവണ്ണ, വാഴക്കാട് മേഖലകളില്‍ രക്ഷാപ്രവര്‍ത്തനം നടന്നുവരുന്നു, 5000ല് പരം ആള്‍ക്കാരെ ദുരിതാശ്വാസ ക്യാമ്പിലേക്ക് മാറ്റിപാര്‍പ്പിച്ചിട്ടുണ്ട്. ക്യാമ്പുകളില്‍ അടിസ്ഥാന സൌകര്യങ്ങള്‍ ഒരുക്കുന്നതിന് അടിയന്തര നടപടി സ്വീകരിച്ചുവരുന്നു. ക്യാമ്പുകളില്‍ കഴിയുന്ന നമ്മുടെ സഹോദരങ്ങള്‍ക്ക് അടിയന്തരമായി അവശ്യസാധനങ്ങള്‍ എത്തിക്കേണ്ടതുണ്ട്. ഇതിന് വേണ്ടി സുമനസുകളുടെ സഹായം അഭ്യര്‍ത്ഥിക്കുന്നു. ദുരിതാശ്വാസ ക്യാമ്പിലേക്ക് ആവശ്യമായ സാധനങ്ങളുടേയും അവ എത്തിക്കേണ്ട സ്ഥലങ്ങളുടേയും വിവരം തഴെച്ചേര്‍ക്കുന്നു. ഉപയോഗിച്ച വസ്ത്രങ്ങളും സാമഗ്രികളും സ്വീകരിക്കുന്നതല്ല...
ആവശ്യ സാധനങ്ങള്‍ സ്വീകരിക്കുന്ന സ്ഥലങ്ങള്‍ : 
1) ഗവഃ ബോയ്സ് ഹയര്‍ സെക്കന്‍ഡറി സ്കൂള്‍, മഞ്ചേരി, കച്ചേരിപ്പടി
ഫോണ്‍ : 0481 2766121 (ഏറനാട് താലൂക്ക് ഓഫീസ്)
2) കളക്ടറേറ്റ് മലപ്പുുറം
ഫോണ്‍ : 0483 2736 320, 0483 2736 326
പായ
കമ്പിളിപ്പുതപ്പ്‌
അടിവസ്ത്രങ്ങൾ
മുണ്ട്‌
നൈറ്റി
കുട്ടികളുടെ വസ്ത്രങ്ങൾ
ഹവായ്‌ ചെരിപ്പ്‌
സാനിറ്ററി നാപ്കിൻ
സോപ്പ്‌
ടൂത്ത് ബ്രഷ്
ടൂത്ത് പേസ്റ്റ്
ഡെറ്റോൾ
സോപ്പ്‌ പൗഡർ
ബ്ലീച്ചിംഗ്‌ പൗഡർ
ക്ലോറിൻ
ബിസ്ക്കറ്റ്‌
അരി
പഞ്ചസാര
ചെറുപയർ
പരിപ്പ്‌
കടല
വെളിച്ചെണ്ണ
നാളികേരം
പച്ചക്കറി
ബ്രഡ്
ബേബി ഫുഡ്
കറി പൌഡറുകള്‍"
Situational Awareness,നിങളുടെ  ചുറ്റും  എവിടെയൊക്കെ  വെള്ളം  ഉണ്ടെന്നു  രാത്രിയിലും  പകലും  ആരോടും  ചോദിക്കാതെ  തന്നെ  അറിയാൻ  താഴെയുള്ള  ലിങ്ക് ഇൽ ക്ലിക്ക് ചെയ്യുക
Situational Awareness,കാലവർഷം ശക്തിപ്പെട്ട സാഹചര്യത്തിൽ കേരളസർക്കാർ സേവന സന്നദ്ധരായ വളണ്ടിയർ മാരുടെ രജിസ്‌ട്രേഷൻ ആരംഭിച്ചു
Critical Rescue,"എറണാകുളം ആരെങ്കിലും സഹായം ചെയ്യുമോ?
6.30  രാവിലെ വിളിച്ചുറപ്പിച്ചതാണ്... ആ ഭാഗത്തു വെള്ളം കയറിത്തുടങ്ങിയത് ആരും അറിഞ്ഞിട്ടില്ല എന്നാണ് ആ പെൺകുട്ടി പറയുന്നത്. എറണാകുളം രക്ഷാ സംഘം നമ്പേഴ്സ് 
വീട് എറണാകുളത്തു പറവൂർ ആണ് മുറ്റത്തു നിറച്ചു വെള്ളം ആണ് എവിടെ ആണ് പോകേണ്ടത് എന്നും അറിയില്ല. മഴ പെയ്തുകൊണ്ട് ഇരിക്കുന്നു."
Resource Requests,"മലപ്പുറം ജില്ലയില്‍ പലയിടങ്ങളിലും കനത്ത മഴതുടരുകയാണ്. നിലമ്പൂര്‍ , എടവണ്ണ, വാഴക്കാട് മേഖലകളില്‍ രക്ഷാപ്രവര്‍ത്തനം നടന്നുവരുന്നു, 5000ല് പരം ആള്‍ക്കാരെ ദുരിതാശ്വാസ ക്യാമ്പിലേക്ക് മാറ്റിപാര്‍പ്പിച്ചിട്ടുണ്ട്. ക്യാമ്പുകളില്‍ അടിസ്ഥാന സൌകര്യങ്ങള്‍ ഒരുക്കുന്നതിന് അടിയന്തര നടപടി സ്വീകരിച്ചുവരുന്നു. ക്യാമ്പുകളില്‍ കഴിയുന്ന നമ്മുടെ സഹോദരങ്ങള്‍ക്ക് അടിയന്തരമായി അവശ്യസാധനങ്ങള്‍ എത്തിക്കേണ്ടതുണ്ട്. ഇതിന് വേണ്ടി സുമനസുകളുടെ സഹായം അഭ്യര്‍ത്ഥിക്കുന്നു. ദുരിതാശ്വാസ ക്യാമ്പിലേക്ക് ആവശ്യമായ സാധനങ്ങളുടേയും അവ എത്തിക്കേണ്ട സ്ഥലങ്ങളുടേയും വിവരം തഴെച്ചേര്‍ക്കുന്നു. ഉപയോഗിച്ച വസ്ത്രങ്ങളും സാമഗ്രികളും സ്വീകരിക്കുന്നതല്ല...
ആവശ്യ സാധനങ്ങള്‍ സ്വീകരിക്കുന്ന സ്ഥലങ്ങള്‍ : 
1) ഗവഃ ബോയ്സ് ഹയര്‍ സെക്കന്‍ഡറി സ്കൂള്‍, മഞ്ചേരി, കച്ചേരിപ്പടി
ഫോണ്‍ : 0481 2766121 (ഏറനാട് താലൂക്ക് ഓഫീസ്)
2) കളക്ടറേറ്റ് മലപ്പുുറം
ഫോണ്‍ : 0483 2736 320, 0483 2736 326
പായ
കമ്പിളിപ്പുതപ്പ്‌
അടിവസ്ത്രങ്ങൾ
മുണ്ട്‌
നൈറ്റി
കുട്ടികളുടെ വസ്ത്രങ്ങൾ
ഹവായ്‌ ചെരിപ്പ്‌
സാനിറ്ററി നാപ്കിൻ
സോപ്പ്‌
ടൂത്ത് ബ്രഷ്
ടൂത്ത് പേസ്റ്റ്
ഡെറ്റോൾ
സോപ്പ്‌ പൗഡർ
ബ്ലീച്ചിംഗ്‌ പൗഡർ
ക്ലോറിൻ
ബിസ്ക്കറ്റ്‌
അരി
പഞ്ചസാര
ചെറുപയർ
പരിപ്പ്‌
കടല
വെളിച്ചെണ്ണ
നാളികേരം
പച്ചക്കറി
ബ്രഡ്
ബേബി ഫുഡ്
കറി പൌഡറുകള്"
Situational Awareness,കാലവര്‍ഷം ശക്തമായതിനെ തുടര്‍ന്ന് പാലക്കാട് സബ് ഡിവിഷണില്‍ ആരംഭിച്ചിട്ടുള്ള ദുരിതാശ്വാസ ക്യാമ്പുകളിലേക്കാവശ്യമായ സാധനങ്ങള്‍ സ്വീകരിക്കുന്നതിന് ശേഖരണ കേന്ദ്രം പാലക്കാട് റവന്യൂ ഡിവിഷണല്‍ ആഫീസില്‍ ആരംഭിച്ചിട്ടുണ്ട്
Resource Requests,"ദുരിതാശ്വാസ പ്രവർത്തനങ്ങളും രക്ഷാ ദൗത്യങ്ങളും ഏകോപിപ്പിക്കാൻ സര്‍ക്കാരിന്റെ  സൈറ്റില്‍  രക്ഷാപ്രവര്‍ത്തനം അഭ്യര്‍ത്ഥിക്കുക 
"
Resource Requests,"പ്രിയപ്പെട്ടവരെ, കൊച്ചിൻ യൂണിവേഴ്‌സിയിലെ കളക്ഷൻ സെന്ററിലാണ് ഞാനുള്ളത്. സങ്കടകരമാണ് അവസ്ഥ. വളരെ കുറച്ചു സാധനങ്ങളെ ഇവിടെ കിട്ടിയിട്ടുള്ളൂ. എറണാകുളത്ത് മാത്രം 150ൽ പരം ക്യാമ്പുകളാണ് ഉള്ളത്. ഇരുപതിനായിരത്തോളം പേരുണ്ട് ഇത്രയൂം ക്യാമ്പുകളിലായി. സാധനങ്ങൾ വേണമെന്ന് അസിസ്റ്റന്റ് കളക്ടർമാർ നിരന്തരം അഭ്യർത്ഥിക്കുന്നുണ്ട്. എന്താണ് നമുക്ക് പറ്റിയത്?  കഴിയുന്നത്ര വേഗം താഴെ പറയുന്ന സാധനങ്ങൾ എത്തിക്കണേ. 
ബെഡ്ഷീറ്റ് /ബ്ലാങ്കറ്റ്, നാപ്കിൻസ്, അടിവസ്ത്രങ്ങൾ, നൈറ്റികൾ, ലുങ്കികൾ,"
Situational Awareness,"
പ്രളയ മഴ രണ്ടാം ദിവസം 

കേരളത്തിൽ ഇന്നലെ രാവിലെ 8.30 മുതൽ ഇന്ന് രാവിലെ 8.30 വരെ അവസാനിച്ച 24 മണിക്കൂറിൽ പെയ്തത് 103.1മില്ലിമീറ്റർ കഴിഞ്ഞ വർഷത്തെ പ്രളയ സമാനമായ മഴ "
Resource Requests,"പ്രിയപ്പെട്ടവരേ,
വയനാട് അതിരൂക്ഷമായ പ്രതിസന്ധി നേരിടുകയാണ്. മഴയുടെ ശക്തി കുറഞ്ഞുവെങ്കിലും ബാണാസുര സാഗറിലേക്ക് നീരൊഴുക്കു കുറഞ്ഞിട്ടില്ല, മലയിടുക്കുകളിൽ ഉറവ പൊട്ടിക്കൊണ്ടേയിരിക്കയാണ്. ഡാം ഷട്ടർ വൈകുന്നേരം മൂന്ന് മണിയോടെ ഉയർത്തും.
ജലനിരപ്പ് ഉയരുമെന്നതിനാൽ കബനിയുടെ കൈവഴികളിലെ കരയിൽ നിന്നും, ഉരുൾ പൊട്ടൽ സാധ്യതയുളളിടത്തു നിന്നും മാസ് ഇവാക്വേഷൻ നടന്നു കൊണ്ടിരിക്കുന്നു. നിലവിൽ തന്നെ ഇരുന്നൂറോളം ക്യാമ്പുകളിലായി മുപ്പതിനായിരത്തോളം ആളുകൾ എത്തിക്കഴിഞ്ഞു. കഴിഞ്ഞ പ്രാവശ്യത്തിൽ നിന്നു വ്യത്യസ്തമായി ക്യാമ്പുകളിൽ അവശ്യസാധനങ്ങൾ ദുർല്ലഭമാണിപ്പോൾ. മാസ് ഇവാക്വേഷനായതിനാൽ കാര്യങ്ങൾ നിയന്ത്രണഗതിയിലാവാൻ കുറഞ്ഞ പക്ഷം ഒരു ദിവസം പിടിക്കും.
അടിയന്തരമായി ക്യാമ്പുകളിലേക്ക് സഹായമാവശ്യമുണ്ട്.ഒരു പാക്കറ്റ് നാപ്കിനാണെങ്കിലത്, ഒരു പാക്കറ്റ് ബ്രഡാണെങ്കിലത്. കഴിയുന്നവരൊക്കെ വയനാടിന് സഹായഹസ്തം നീട്ടണമെന്നഭ്യർത്ഥിക്കുന്നു.
ഭക്ഷ്യവസ്തുക്കൾ, പുതപ്പ്, കമ്പിളി,പായ തുടങ്ങിയവ ജില്ലാ കലക്ടറേറ്റിലേക്കും നാപ്കിനടങ്ങുന്ന മെഡിക്കൽ കിറ്റുകൾ നാഷണൽ ഹെൽത് മിഷന്റെ കല്പറ്റ വെയർഹൗസിലേക്കും എത്തിക്കാൻ അഭ്യർത്ഥിക്കുന്നു.
വയനാടിന് കരകയറാൻ നിങ്ങൾ സഹായിച്ചേ പറ്റൂ."
Situational Awareness,"നാല്‍പ്പത് സെന്റിമീറ്റര്‍വരെ മഴ പെയ്ത ഇടങ്ങള്‍. അതായത് പരന്ന ഒരു പ്രദേശമാണെങ്കില്‍ അവിടെ 40സെന്റിമീറ്റര്‍ ഉയരത്തില്‍ എല്ലായിടത്തും വെള്ളം ഉയരും എന്ന അവസ്ഥ. ഒരു ജില്ലയില്‍ 40സെന്റിമീറ്റര്‍ മഴ എന്നു പറഞ്ഞാല്‍ ജില്ലയില്‍ മുഴുവനായും 40സെ.മീ. ഉയരത്തില്‍ വെള്ളം എന്നാണര്‍ത്ഥം. പക്ഷേ പൂര്‍ണ്ണമായും പരന്ന പ്രദേശങ്ങള്‍ കേരളത്തിലില്ല. കുന്നും കുഴികളും ഒക്കെയായി ഒട്ടും നിരപ്പല്ലാത്ത ഭൂപ്രകൃതി. 
കുത്തിയൊലിച്ചെത്തുന്ന വെള്ളവും മീറ്ററുകളോളം ഉയരത്തില്‍ വെള്ളക്കെട്ടും ഉറപ്പാണ് അത്തരം ഇടങ്ങളില്‍. ഒറ്റ ദിവസംകൊണ്ട് ഇത്രയും മഴ പെയ്യുക എന്നാല്‍ ഊഹിക്കാന്‍ കഴിയാത്തവിധം അധികം വെള്ളമാണ് പെയ്തിറങ്ങുന്നത്. ഈ വെള്ളം ഒഴുകി കുറെ ഭാഗം കടലിലെത്താന്‍ മണിക്കൂറുകളോ ഒന്നോ രണ്ടോ ദിവസങ്ങളോ വരെ എടുത്തേക്കും. വീണ്ടും പെയ്യുന്ന മഴ കാര്യങ്ങള്‍ കൂടുതല്‍ ഗുരുതരമാക്കുകയും ചെയ്യും. 
അതിനാല്‍ വീട്ടില്‍ വെള്ളം കയറില്ല എന്ന വിശ്വാസത്തില്‍ വീട്ടില്‍ത്തന്നെ തുടരരുത്. സര്‍ക്കാരിന്റെയും രക്ഷാപ്രവര്‍ത്തകരുടെയും നിര്‍ദ്ദേശങ്ങള്‍ അതേപോലെ അനുസരിക്കുക. വെള്ളം കയറാന്‍ സാധ്യതയുള്ള ഇടങ്ങളില്‍നിന്നും മാറാതിരിക്കുന്ന ഓരോരുത്തരും നിരവധി രക്ഷാപ്രവര്‍ത്തകരുടെ അധിക ആവശ്യമാണ് ഉണ്ടാക്കുന്നത്. 
സ്വയം മുന്‍കൂട്ടി മാറുന്ന ഓരോരുത്തരും പത്തു രക്ഷാപ്രവര്‍ത്തകരുടെ ഗുണമാണ് സമൂഹത്തിനു നല്‍കുക"
Situational Awareness,"കളക്ടറേറ്റിന് സമീപമുള്ള ടി എം വർഗീസ്  ഹാളിൽ  ആവശ്യ വസ്തുക്കളുടെ ശേഖരണ കേന്ദ്രം ആരംഭിച്ചിട്ടുണ്ട്.  

താഴെ പറയുന്ന ദുരിതാശ്വാസ സാമഗ്രികൾക്ക് മുൻഗണന നൽകണമെന്ന് അഭ്യർത്ഥിക്കുന്നു"
Volunteering and Donations,"പാലക്കാട്‌ എതെങ്കിലും  ക്യാമ്പിലേക്ക്  ആവശ്യമുള്ളസാധനങ്ങൾ  എന്തോക്കെയാണെന്ന് താഴെ കൊടുത്ത നമ്പറുകളിൽ ബന്ധപ്പെടുക.
കോയമ്പത്തൂരിൽ നിന്നും സാധനങ്ങൾ  റെഡി ആണ് ഡെസ്പാച്  ചെയ്യാൻ, ബന്ധപെടുക 
അഡ്വ. അബ്ദുൽ സലാം   9446990666,  8528124329"
Volunteering and Donations,"ക്യാംപുകളില്‍ ഭക്ഷണം ലഭിക്കുന്നില്ലെങ്കില്‍... 
കോഴിക്കോട് പാകം ചെയ്യാന്‍ സാധിക്കാത്ത ക്യാംപുകളിലേക്ക് ഭക്ഷണം തയാറാക്കുന്നുണ്ട്. ക്യാംപ് ചാര്‍ജ്ജുള്ള ഉദ്യോഗസ്ഥര്‍ നേരത്തെ ബന്ധപ്പെട്ടാല്‍ ഭക്ഷണം തയാറാക്കി നല്‍കും. അല്‍ഹിന്ദ് ഫൗണ്ടേഷന്റെ ആഭിമുഖ്യത്തില്‍ സന്നദ്ധ പ്രവര്‍ത്തകരുടെ നേതൃത്വത്തില്‍ മീഞ്ചന്ത അലങ്കാര്‍ ഓഡിറ്റോറിയത്തിലാണ് ഭക്ഷണം തയാറാക്കുന്നത്. 
വിശദ വിവരങ്ങള്‍ക്ക് ബന്ധപ്പെടുക"
Irrelevant,"മുഖ്യമന്ത്രി കൂടി കേൾക്കാനാണ്.
ആയിരക്കണക്കിന്‌ പേർ ക്യാമ്പുകളിൽ എത്തി. അത്രയും സാധനങ്ങൾ ആവശ്യമുണ്ട്. ഓരോ ക്യാമ്പും സർക്കാരിന്റെ ഓരോ ഉദ്യോഗസ്ഥന്റെ മേൽനോട്ടത്തിൽ ആണ്. ആവശ്യങ്ങൾ അപ്പപ്പോൾ ജില്ലാ ഭരണകൂടത്തെ അറിയിക്കാനുള്ള സംവിധാനമുണ്ട്. എവിടെ എന്ത് എത്ര അളവിൽ കിട്ടണമെന്ന് അറിയാൻ കളക്ടർക്ക് ഒരു മിനിറ്റ് മതി. അത് കിട്ടാവുന്ന ഇടങ്ങളിൽ നിന്ന് എത്തിക്കേണ്ടത് അതത് കളക്ടർമാരുടെ ജോലിയാണ്.
ഞാൻ കാണുന്ന ഗ്രൂപ്പുകളും സോഷ്യൽ മീഡിയയും മുഴുവൻ മനുഷ്യർ സഹായത്തിനു നേരിട്ട് കേഴുകയാണ്. കൊടുക്കാൻ സന്നദ്ധതയുള്ളവർ കൊടുക്കുന്നു.. ചിലർ സാധനങ്ങൾ നൽകുന്നു, ചിലർ സ്വന്തം വാഹനങ്ങളിൽ ക്യാമ്പിൽ കൊണ്ടു കൊടുക്കാൻ തയ്യാറാകുന്നു, മറ്റു ചിലർ ഇതെല്ലാംകൂടി ചെയ്യുന്നു.. നല്ല മനുഷ്യരുണ്ടു ചുറ്റിനും..
എവിടെ എത്ര കിട്ടി, ഇനി എത്ര കിട്ടാനുണ്ട് വിവരങ്ങളുടെ ഒരു കോ-ഓർഡിനേഷനും ജില്ലാ തലത്തിൽ കാണാനില്ല. ക്യാമ്പുകളുടെ ചാർജ്ജുള്ള ആളുകളുടെ നമ്പറുകൾ എങ്കിലും പുറത്തുവിടണം. എറണാകുളത്ത് ആകട്ടെ, ജില്ലാ ഭരണകൂടം ഒരു ഔദ്യോഗിക കളക്ഷൻ സെന്റർ പോലും ഇതുവരെ അനൗണ്സ് ചെയ്തിട്ടില്ല. ഇത് നിങ്ങളുടെ PR കൂട്ടാനുള്ള സമയമല്ല സർ. ഇടുക്കി ജില്ലയ്ക്കും മലപ്പുറത്തിനും കൊടുക്കാനുള്ളത്ര സാധനങ്ങൾ ശേഖരിക്കാൻ കഴിവുള്ള സമ്പന്നമായ ഇടമാണ് എറണാകുളം. ഇവിടെ Demand-Supply information സുതാര്യമാക്കാൻ ജില്ലാ കളക്ടർക്ക് ബാധ്യതയുണ്ട്. അത് ചെയ്യണം. മലപ്പുറം, പത്തനംതിട്ട, കോഴിക്കോട്, വയനാട് അടക്കം ബാക്കി കളക്ടർമാരും ശ്രദ്ധിക്കണം.
കഴിഞ്ഞ തവണ ഓരോ കളക്ടർക്കും പുറമെ സീനിയർ IAS കാരെ ജില്ലയുടെ ചുമതല ഏല്പിച്ചപ്പോഴാണ് പലയിടത്തും കാര്യങ്ങൾ ശരിയായത്. കഴിഞ്ഞ തവണ പറ്റിയ തെറ്റുകൾ ഇത്തവണ ആവർത്തിക്കാതിരിക്കാൻ മേൽത്തട്ടിൽ ഇത്തവണ ശ്രമം ഇല്ലേ? ഇതൊക്കെ ഇങ്ങനെയൊക്കെ മതിയോ?"
Irrelevant,"എല്ലാവരും ഒരുമിച്ച് ഒറ്റെക്കെട്ടായി നില്‍ക്കണം. ഇപ്പോള്‍ നമുക്ക് എല്ലാ ക്യാമ്പുകളിലേക്കും അവശ്യസാധനങ്ങള്‍ എത്തിച്ചുകൊടുക്കേണ്ടതുണ്ട്. എല്ലാവരും എല്ലാ പരാതികളും പരിഭവങ്ങളും മറന്ന് രംഗത്തിറങ്ങണമെന്ന് അഭ്യര്‍ത്ഥിക്കുകയാണ്. അതത് മേഖലയിലെ എല്ലാ കളക്ഷന്‍ സെന്റിലേയ്ക്കും സാധനങ്ങള്‍ മടികൂടാതെ എത്തിച്ചുനല്‍കണം. ഭക്ഷണ സാധനങ്ങള്‍ക്കൊക്കെ ദൗര്‍ലഭ്യം നേരിടുകയാണ്. 
ജീവിതവും ജീവനും പ്രധാനമാണ്. ഒറ്റക്കെട്ടായി കേരളത്തോടൊപ്പം. നമ്മള്‍ അതിജീവിക്കും."
Resource Requests,"വയനാടിനൊപ്പം കൈകോര്‍ക്കാം

അവശ്യസാധനങ്ങള്‍ എത്തിച്ചു നല്‍കണമെന്നഭ്യര്‍ത്ഥിക്കുന്നു.

കളക്ഷന്‍ പോയിന്റുകള്‍  ഹൗസ് ഓഫ് ലോർഡ്‌സ് പുരുഷ ഹോസ്റ്റൽ
ഗവ. കോളേജ് എറണാകുളം


ബന്ധപ്പെടുക:

8921621544 അഭിലാഷ്
9746417775 പ്രണവ്"
Situational Awareness,"പ്രളയദുരന്തത്തിന്‍റെ പശ്ചാത്തലത്തില്‍  സമൂഹ മാധ്യമങ്ങളിലൂടെ വ്യാജ വാര്‍ത്തകള്‍ പ്രചരിപ്പിക്കുന്നവര്‍ക്കെതിരെ കര്‍ശന നടപടിയെടുക്കുമെന്ന് പോലീസ്.  ഇത്തരം വാര്‍ത്തകളുടെ ഉറവിടം കണ്ടെത്തുന്നതിനായി  സൈബര്‍ ഡോം, സൈബര്‍ സെല്‍, പോലീസ് ആസ്ഥാനത്തെ ഹൈടെക്ക് സെല്‍ എന്നിവിടങ്ങളില്‍  പ്രത്യേകവിഭാഗം രൂപീകരിച്ച് അന്വേഷണം തുടങ്ങി.
ഇത്തരം സന്ദേശങ്ങള്‍ പ്രചരിപ്പിക്കുന്നവരെ കണ്ടെത്തിയാല്‍ അറസ്റ്റുള്‍പ്പെടെയുളള നടപടി ഉണ്ടാകുമെന്ന് സംസ്ഥാന പോലീസ് മേധാവി ലോകനാഥ് ബെഹ്റ മുന്നറിയിപ്പ് നല്‍കി.  ഭീതി ജനിപ്പിക്കുന്ന സന്ദേശങ്ങള്‍ ലഭിക്കുന്നവര്‍ ജില്ലാ ദുരന്ത നിവാരണ ഓഫീസുമായോ പോലീസ് ആസ്ഥാനത്തെ ഡി.ജി.പി കണ്‍ട്രോള്‍ റൂമുമായോ (0471 2722500, 9497900999) ബന്ധപ്പെട്ട് നിജസ്ഥിതി ഉറപ്പുവരുത്തണമെന്ന് സംസ്ഥാന പോലീസ് മേധാവി അറിയിച്ചു.  വ്യാജ സന്ദേശങ്ങള്‍ ലഭിക്കുന്നവര്‍ അവ കൈമാറി പരിഭ്രാന്തി സൃഷ്ടിക്കരുതെന്നും അദ്ദേഹം ആവശ്യപ്പെട്ടു. 
അണക്കെട്ടുകള്‍ തുറക്കുമെന്നും വൈദ്യുതി ബന്ധം വിച്ഛേദിക്കുമെന്നും  റോഡ് ഗതാഗതം തടസ്സപ്പെട്ടുവെന്നും മറ്റുമുളള സന്ദേശങ്ങള്‍ സമൂഹ മാധ്യമങ്ങളിലൂടെ പ്രചരിച്ചതിന്‍റെ അടിസ്ഥാനത്തിലാണിത്."
Situational Awareness,"ഞായറാഴ്ച (ആഗസ്റ്റ്11ന്) വയനാട്, കണ്ണൂർ, കാസർഗോഡ്  ജില്ലകളിൽ കാലാവസ്ഥാ നിരീക്ഷണ കേന്ദ്രം റെഡ് അലേർട്ട് പ്രഖ്യാപിച്ചു. റെഡ് അലേർട്ട് പ്രഖ്യാപിക്കപ്പെട്ട ജില്ലകളിൽ അതിതീവ്ര24 മണിക്കൂറിൽ 204 മി.മീ. ൽ കൂടുതൽ മഴ) മഴയ്‌ക്കുള്ള സാധ്യതയാണ് പ്രവചിക്കപ്പെട്ടിരിക്കുന്നത്. തുടർച്ചയായ ദിവസങ്ങളിൽ അതിതീവ്ര മഴ പെയ്യുന്ന സാഹചര്യത്തിൽ വെള്ളപ്പൊക്കം, ഉരുൾപൊട്ടൽ തുടങ്ങിയ പ്രകൃതി ദുരന്തങ്ങൾക്ക് സാധ്യത വർധിക്കും. 
ആഗസ്റ്റ്  11ന്  എറണാകുളം, ഇടുക്കി, തൃശ്ശൂർ, പാലക്കാട്, മലപ്പുറം,കോഴിക്കോട്  എന്നീ ജില്ലകളിലും ആഗസ്റ്റ് 12ന് ഇടുക്കി,മലപ്പുറം, കോഴിക്കോട്,  വയനാട്, കണ്ണൂർ, കാസർഗോഡ്  എന്നീ  ജില്ലകളിലും, ആഗസ്റ്റ് 13ന്   ഇടുക്കി, മലപ്പുറം, വയനാട് എന്നീ  ജില്ലകളിലും, ആഗസ്റ്റ് 14ന് ഇടുക്കി, മലപ്പുറം, വയനാട് എന്നീ  ജില്ലകളിലും, കേന്ദ്ര കാലാവസ്ഥ നിരീക്ഷണ വകുപ്പ്  'ഓറഞ്ച്' അലേർട്ട് പ്രഖ്യാപിച്ചിട്ടുണ്ട്. ഓറഞ്ച് പ്രഖ്യാപിക്കപ്പെട്ട ജില്ലകളിൽ ഒറ്റപ്പെട്ടയിടങ്ങളിൽ ശക്തമായതോ (115 mm വരെ മഴ) അതിശക്തമായതോ (115 mm മുതൽ 204.5 mm വരെ മഴ) ആയ മഴയ്‌ക്കുള്ള സാധ്യതയാണ് പ്രവചിക്കപ്പെട്ടിരിക്കുന്നത്. 
ആഗസ്റ്റ്  13ന് എറണാകുളം, കോഴിക്കോട്  എന്നി ജില്ലകളിലും ആഗസ്റ്റ്  14ന് എറണാകുളം, കോഴിക്കോട്  എന്നി ജില്ലകളിൽ കേന്ദ്ര കാലാവസ്ഥ നിരീക്ഷണ കേന്ദ്രം മഞ്ഞ അലേർട്ടും പ്രഖ്യാപിച്ചു."
Resource Requests,"ചാലിയാറിലേക്ക് നിലവിൽ പുറത്തുള്ളവർക്ക് സഹായം എത്തിക്കാനുള്ള ഗതാഗത ബുദ്ധിമുട്ട് നീങ്ങിയിട്ടുണ്ട് . 
ക്യാമ്പുകളിലും പരിസരപ്രദേശങ്ങളിലും ഉള്ള മനുഷ്യരുടെ അവസ്ഥ ദയനീയമാണ്. 
സഹായങ്ങൾ എത്തിയാൽ ഗ്രാമത്തിന് അത് വലിയ ആശ്വാസം ആകും. 
മെഴുകുതിരി മുതൽ എല്ലാ അവശ്യസാധനങ്ങളും ആവശ്യം തന്നെയാണ്. 
ഗ്രാമത്തിലേക്ക് സഹായങ്ങൾ എത്തിക്കാൻ സാധിക്കുന്നവർക്കു താഴെ കൊടുത്തിട്ടുള്ള നമ്പറുകളിൽ ബന്ധപ്പെടാവുന്നതാണ്. 
ഷബീർ അലി 
+91 94478 44200 -
സഹിൽ ചാലിയാർ -
 9946015097
ഹാരിസ് ചാലിയാർ-
 9946888080"
Resource Requests,"എടവണ്ണ 3 ക്യാമ്പുകളില്‍ പോയിരുന്നൂ...
വസ്ത്രം കിട്ടിയാല്‍ വലിയ ഉപകാരമാവും മൂന്നിടത്തും..നനഞ്ഞ ഡ്രസ്സിട്ട് ഉറങ്ങുന്ന അവസ്ഥയാണ് മക്കളൊക്കെ..
*ചളിപ്പാടം ക്യാമ്പിലേക്ക് അരിയും സാധനങ്ങളും വസ്ത്രവും കിട്ടിയാല്‍ വലിയ ഉപകാരമാവും..
(ചളിപ്പാടം ക്യാമ്പ്.വീടിടിഞ്ഞ് 4 പേര്‍ മരിച്ച വീടിന് മുകളിലെ സ്കൂള്)
എല്ലാം നഷ്ടപ്പെട്ടവരുടെ കരച്ചില്‍ സഹിക്കാനാവുന്നില്ല..പ്രിയപ്പെട്ടവരെ..."
Situational Awareness,ഫോൺ ബാറ്ററി തീർന്ന് ഓഫാകുമെന്ന സാഹചര്യത്തിൽ മറ്റേതെങ്കിലും നമ്പറിലേക്ക് കാൾ ഫോർവേഡ് ചെയ്തു വയ്ക്കുക ( സുരക്ഷിത സ്ഥാനത്തുള്ള സുഹൃത്തിന്റേയോ ബന്ധുക്കളുടേയോ ഒക്കെ ആകാം. അവരോട് വിവരം മുൻകൂട്ടി പറയണം). ഫോൺ സ്വിച്ച് ഓഫ് ആയിപ്പോകുന്നതിനാൽ വളണ്ടിയർമ്മാർക്കും ദുരന്ത നിവാരണ സേനയ്ക്കും ദുരിതബാധിതരെ കണ്ടെത്താനും അവരുമായി ബന്ധപ്പെടാനും കഴിയാതാകുന്ന സാഹചര്യം ഇതു വഴി ഒഴിവാക്കാം. Call forward when unreachable എന്ന ഒപ്ഷൻ സെലക്റ്റ് ചെയ്ത് ഫോർവേഡ് ചെയ്യേണ്ട നമ്പർ നൽകിയാൽ മതി.
Resource Requests,"പുത്തുമലയിൽ നിന്നും രക്ഷപ്പെടുത്തിയവരെ മേപ്പാടി GHS , മൗണ്ട് താബോർ സ്കൂൾ, സെന്റ് ജോസഫ്സ് അപ്പ് സ്കൂൾ, മേപ്പാടി, എച്ച്.എം.എൽ ഹോസ്പിറ്റൽ, മുപ്പൈനാട് നഗരത്തിൽ ക്യാമ്പുകളിൽ എത്തിച്ചിരിക്കുന്നത് മണിക്കൂറുകൾ തോറും ആളുകൾ കൂടി വരുകയാണ്. സാധനങ്ങൾ ഇവയാണ്
1, മിനറൽ വാട്ടർ
2, സ്ലിപ്പറുകൾ
3'രാത്രി വസ്ത്രങ്ങൾ, പാവാട, പാൻ്റീസ്, ബ്രാസിയർ
4, ബാത്ത് ടവലുകൾ
5, ബ്ലാങ്കറ്റ്
6, ലുങ്കികൾ
7, ബെഡ് ഷീറ്റ്
8 ടി ഷർട്ടുകൾ
9, പാചക എണ്ണ
10, വെളിച്ചെണ്ണ
11. അരി
12. മുളകുപൊടി
13.മല്ലി പൊടി
14. ചായപ്പൊടി
15. പഞ്ചസാര
16.പച്ചക്കറി
17. കറിവേപ്പില
18.പീസ് ഗ്രാം"
Situational Awareness,"ചെങ്ങന്നൂരില്‍ 
താഴ്ന്ന പ്രദേശങ്ങളില്‍ 
വെള്ളം കയറുന്നു

ജാഗ്രത പാലിക്കുക

അധികാരികള്‍ ആവശ്യപ്പെട്ടാല്‍ വീടൊഴിയാന്‍ മടിക്കാതിരിക്കുക

ജീവനാണ് പ്രധാനം"
Resource Requests,മമ്പാട് പുഴയുടെ അക്കരെ 100 ഓളം കുടുംബങ്ങൾ ഒറ്റപ്പെട്ട അവസ്ഥയിൽ ആണ്. അവിടേക്കു ആദ്യം ഭക്ഷണം വേണം. ക്യാമ്പ് സെറ്റ് ചെയ്യാൻ സാധിച്ചിട്ടില്ല. സ്കൂളുകൾ വെള്ളത്തിൽ ആണ്. നടന്നു സാധനങ്ങൾ എത്തിക്കാൻ ടീം തയാറാണ്.
Situational Awareness,"കാൽ വിരലുകൾക്കിടയിൽ ചൊറിഞ്ഞു പൊട്ടി ഒരു പാട് പേർ ക്യാംപുകളിൽ എത്താൻ സാധ്യതയുണ്ട്. 
ഫംഗസ് ഇൻഫെക്ഷൻ ആണെന്നുള്ള ധാരണയിൽ ക്ലോട്രിമസോൾ ഓയിന്റ്മെന്റ് ആരംഭിക്കുകയാണ് സാധാരണ ചെയ്യുക.
ചെളി വെള്ളത്തിൽ ഏതാനും ദിവസം ചെലവഴിക്കുമ്പോൾ പല തരം ലാർവകൾ (കൊക്കപ്പുഴുവിന്റെ, ഉരുളൻ വിരയുടെ അത് പോലെ അനേകം പരാദങ്ങളുടെ) കാൽ വിരലുകൾക്കിടയിലൂടെ കൂടെ കയറാൻ സാധ്യതയുണ്ട്, അവരുടെ എൻട്രി പോയിന്റ് ആണീ ഭാഗം. അവയുടെ ജീവിത ചക്രത്തിൽ നമ്മുടെ തൊലിയിലൂടെ അതും ഏറ്റവും നേർത്ത ഭാഗത്തിലൂടെ അവ കയറി പോകും.
പോകുന്ന ഭാഗത്തു നല്ല ചൊറിച്ചിലും ചുവപ്പും ഉണ്ടാവും. അവിടെ അണുബാധ ഉണ്ടായില്ല എങ്കിൽ ഏതാനും ദിവസം കൊണ്ട് ഇത് തനിയെ മാറും.
അതെ പോലെ തന്നെ നനവിൽ ഏറെ നാൾ കഴിയുന്നവർക്ക് ഫംഗസ് കൊണ്ട് കാൽവിരലുകളിൽ ചൊറിഞ്ഞു പൊട്ടി വിണ്ടു കീറാം അപ്പൊ അവ തമ്മിൽ തിരിച്ചറിയേണ്ടേ ?
വേണം.
ഫംഗസ് കൊണ്ടുള്ള തൊലിയിലെ പ്രശ്നങ്ങൾ ഏതാനും ദിവസം കൊണ്ട് വരില്ല. അതിനു നനവുള്ള ചുറ്റുപാടിൽ ഇത്തിരി കൂടുതൽ ദിവസങ്ങൾ എടുക്കും.
ഫംഗസ് കൊണ്ടുള്ള തൊലിപ്പുറമേ ഉള്ള കാര്യം വിരലുകൾക്കിടയിൽ ഉൾഭാഗത്ത് മാത്രമല്ല നഖത്തിന്റെ ചുറ്റിലും വിരലിനു മേൽഭാഗത്തും ഉണ്ടാവും. 
ക്ലോട്രിമസോൾ തൈലം ചിലപ്പോൾ ആവശ്യത്തിന് തികഞ്ഞില്ല എന്നുവരാം. അങ്ങനെയുള്ള അവസരത്തിൽ എന്താണ് ചെയ്യേണ്ടത് ?
ഉപ്പു വെള്ളത്തിൽ കഴുകി, ചൊറിച്ചിൽ ഉണ്ടെങ്കിൽ മൈൽഡ് സ്റ്റിറോയിഡ് ഓയിന്റ്മെന്റ് മതിയാകും. നല്ല ചൊറിച്ചിൽ ഉണ്ടെങ്കിൽ ആന്റി ഹിസ്റ്റാമിനിക്ക് മരുന്നുകൾ കൊടുക്കാം. ഇവ രണ്ടും ഡോക്ടർമാരുടെ നിർദ്ദേശ പ്രകാരം മതി.
എല്ലാവരും ചെയ്യേണ്ട, ശ്രദ്ധിക്കേണ്ട ഒരു കാര്യമുണ്ട്. കാൽവിരലുകൾ വൃത്തിയായി, ഡ്രൈ ആയി സൂക്ഷിക്കുക. വെള്ളത്തിൽ ഇറങ്ങി തിരിച്ചു കയറുമ്പോൾ തുണി കൊണ്ട് നന്നായി ഒപ്പി തുടയ്ക്കുക,  സാധിക്കുമെങ്കിൽ സോപ്പ് തേച്ച് കഴുകിയശേഷം തുടയ്ക്കുക. 
വളം കടി എന്ന പ്രശ്നം ഉണ്ടാകാതിക്കുന്നതാണ് ഉണ്ടായതിനുശേഷം പരിഹരിക്കുന്നതിനേക്കാൾ എളുപ്പം. 
പണ്ട് വളംകടിക്ക് ഉപയോഗിച്ചിരുന്നത് ഒരു നീല മരുന്ന് ആയിരുന്നു, ജെൻഷ്യൻ വയലറ്റ്. അതിപ്പോൾ അത്ര ഉപയോഗിച്ചു കാണാറില്ല
ജിനേഷ് പി എസ്"
Resource Requests,"മെഡിക്കൽ മേഖലയിൽ ഉള്ള എൻറെ സുഹൃത്തുക്കളോട് ,
നിങ്ങളുടെ സഹായം വേണം. 32000  അധികം ജനങ്ങളാണ് ക്യാമ്പിൽ. 5000 അധികം കുട്ടികളും. സാധിക്കുമെങ്കിൽ ഒരു ദിവസമെങ്കിലും വരണം. 
മറ്റു സുഹൃത്തുക്കളോട്, സഖാക്കളോട്, പറ്റുന്നത്ര സഹായം വേണം.
ഇപ്പോഴല്ലെങ്കിൽ പിന്നെ എന്നാണ് ? നമ്മളല്ലെങ്കിൽ പിന്നെ മറ്റാരാണുള്ളത്?""
അഭിലാഷ് ചോദിച്ച അഭ്യർത്ഥന കേട്ടില്ലെന്നു നടിക്കരുത്. പോകണം, പോകേണ്ട കടമയുണ്ട്. മനുഷ്യരാണ്, അവർക്കുവേണ്ടി പോകണം. മനുഷ്യത്വമാണ് ആരോഗ്യമേഖലയുടെ മുഖമുദ്ര. അതുകൊണ്ടു തന്നെ പോകണം. ഇതൊരൗദാര്യമല്ല, കടമയാണ്. 
ഈ അഭ്യർത്ഥന മെഡിക്കൽ കോളേജുകൾ ഏറ്റെടുക്കണം, ഏറ്റെടുക്കും... നമ്മൾ ഒരു പരാജയപ്പെട്ട സമൂഹം ആവില്ല.
അഭിയുടെ ഫോൺ നമ്പർ: 9946105494 (വയനാട്ടിലേക്ക് പോകാൻ തയ്യാറുള്ളവർ മാത്രം വിളിക്കുക)"
Resource Requests,"ദുരിതാശ്വാസ ക്യാമ്പുകളിലേക്ക് വസ്ത്രം വാങ്ങുന്നവരുടെ ശ്രദ്ധയ്ക്ക്
ലേഡീസ് ബ്രാ-28,30,32,34,36,38,40,42
കപ്പ് വലിപ്പം a,b,c,d, എന്ന വലിപ്പം നോക്കി വാങ്ങുക32,34,36,40 കോമൺ വലിപ്പം കൂടുതൽ വാങ്ങുക.
പാൻ്റീസ്-75,80,85,90,95,100
ഇങ്ങനെ ആണ്.
85,90,100 കൂടുതൽ വാങ്ങുക.
സാനിറ്ററി പാഡ്-വിസ്‌പർ ഓറഞ്ച് നിറം, സൗജന്യമായി തുടരുക തുടങ്ങിയത് വാങ്ങുക..
(സാനിറ്ററി പാഡ് കൊടുക്കുമ്പോൾ കുട്ടികൾക്ക് ഓരോ കവർ കൊടുക്കാനും ,എക്സ്ട്രാ 3,4 പാൻ്റീസ് കൊടുക്കാനും ശ്രദ്ധിക്കണേ)
ദയവ് ചെയ്ത് മെൻസ്ട്രൽ കപ്പ് വാങ്ങി ബോധവൽക്കരിക്കാൻ ഈ ഈ സമയത്ത് ആരും നിൽക്കരുത്...."
Situational Awareness,"ഇപ്പോൾ സുരക്ഷിതരെന്നു കരുതുന്ന ഞാനും നിങ്ങളും ഒരു ദുരിതാശ്വാസ ക്യാമ്പിൽ, ഉടുതുണിക്ക് മറുതുണി ഇല്ലാതെ എത്താൻ പ്രകൃതിയുടെ ഒരു രൗദ്രഭാവം മതി. ഇപ്പോൾ ക്യാമ്പിലുള്ള സഹോദരങ്ങൾക്ക് ആവശ്യമുള്ള സാധനങ്ങൾ എത്തിക്കേണ്ടത് സുരക്ഷിതരായ ഓരോ മനുഷ്യരുടെയും കടമയാണ്. 
ആവശ്യമുള്ള വസ്തുക്കളുടെ ജില്ല തിരിച്ചുള്ള പട്ടിക"
Volunteering and Donations,"പ്രിയപ്പെട്ടവരെ, കുസാറ്റ് ലെ കളക്ഷൻ സെന്റർ സജീവമായി തന്നെ മുന്നോട്ട് പോകുന്നുണ്ട്. ഇവിടെ ശേഖരിക്കുന്ന മുഴുവൻ സാധനങ്ങളും വയനാട്ടിലേക്കും നിലമ്പുരിലേക്കും, ആവശ്യമുള്ള മറ്റിടങ്ങളിലേക്കും കയറ്റി അയക്കും. അവശ്യ സാധനങ്ങൾ എത്ര കിട്ടിയാലും അധികമല്ല. അത്രയും മോശമാണ് വടക്കൻ കേരളത്തിന്റെ സ്ഥിതി. അരി, പയർ മുതലായ ഭക്ഷണ സാധനങ്ങൾ, പായ , ഷീറ്റ്, ചവിട്ടികൾ, ലുങ്കി, നൈറ്റി, അടിവസ്ത്രങ്ങൾ,സ്വെറ്ററുകൾ, കുട്ടികൾക്കുള്ള വസ്ത്രങ്ങൾ, കുഞ്ഞു സോക്സുകൾ, കളിപ്പാട്ടങ്ങൾ, ബേബി ഫുഡ്‌, നാപ്കിൻസ്, ഡയപ്പറുകൾ, അങ്ങനെ എന്തും. ക്യാമ്പുകളിൽ ഉള്ള സഹോദരങ്ങൾക്ക് തണുക്കരുത്, വിശക്കരുത്, കുഞ്ഞു മക്കൾ കരയരുത്. ആ ലക്ഷ്യത്തിലേക്ക് ഒറ്റ ക്കെട്ടായി നമ്മൾ കൈ കോർക്കുക.
എറണാകുളത്തെ ക്യാമ്പുകളിലേക്ക് സാധനങ്ങൾ ആവശ്യമുള്ളവർ കലക്ടറേറ്റിൽ ജില്ലാ ഭരണ കൂടം നടത്തുന്ന കളക്ഷൻ സെന്ററിൽ ബന്ധപ്പെടണമെന്ന് അഭ്യർത്ഥിക്കുന്നു"
Volunteering and Donations,"കാസർഗോഡ് ജില്ലയിൽ  15 ദുരിതാശ്വാസ ക്യാമ്പുകൾ
1112 പേർ ക്യാമ്പുകളിലുണ്ട്
നീലേശ്വരം: കാലവർഷക്കെടുതിയിൽ പെട്ടവർക്കായി ജില്ലയിൽ 15 ദുരിതാശ്വാസ ക്യാമ്പുകൾ തുറന്നു. 15 ക്യാമ്പുകളിലായി 394 കുടുംബങ്ങളാണുള്ളത്. 1112 ആളുകൾ ഈ ക്യാമ്പുകളിലുണ്ട്. ഹൊസ്ദുർഗ് താലൂക്കിലാണ് കൂടുതൽ ക്യാമ്പുകളുള്ളത് 12 എണ്ണം. മൂന്നെണ്ണം വെള്ളരിക്കുണ്ട് താലൂക്കിലും. ക്യാമ്പുകളുടെ വിശദവിവരങ്ങൾ ചുവടെ.
ഹോസ്ദുര്‍ഗ്ഗ് താലൂക്ക്
നമ്പര്‍ വില്ലേജ് ദുതിതാശ്വാസ ക്യാമ്പ് കുടുംബങ്ങളുടെ എണ്ണം ആളുടെ എണ്ണം ക്യാമ്പ് ഉദ്യോഗസ്ഥന്റെ നമ്പര്‍ 
1. ചെറുവത്തൂര്‍ കൊവ്വല്‍ എയുപി സ്‌കൂള്‍ 16 48 8547617428 
2. ചെറുവത്തൂര്‍ കാരി വിഷ്ണൂമൂര്‍ത്തി ക്ഷേത്രം 31 105 8547617428 
3 .നീലേശ്വരം കടിഞ്ഞിമൂല ജി  എബ്‌ളൂ എല്‍ പി സ്‌കൂള്‍ 38 53 8547617424 
4. നീലേശ്വരം വൈകുണ്ഠ ക്ഷേത്ര ഓഡിയോറിയം 7 25  8547617424 
5. നീലേശ്വരം നീലേശ്വരം ജുമാമസ്ജിദ് 35 125 8547617424 
6. പേരോല്‍ പാലത്തടം ക്യാമ്പസ് 80 264 9400110319 
7. പേരോല്‍ ചാത്തമത്ത് പാടാര്‍ക്കുളങ്ങര ഓഡിറ്റോറിയം 100 300 9400110319 
8. അജാനൂര്‍ ഇക്ബാല്‍ ഹയര്‍സെക്കണ്ടറി സ്‌കൂള്‍ 12 53 8547617408 
9 .ക്ലായിക്കോട്   വെള്ളാട്ട്    ജി എല്‍ പി സ്‌കൂള്‍ 24 67 8547617430 
10 .ക്ലായിക്കോട് ക്ലായിക്കോട് വായനശാല 19 51 8547617430 
11. സൗത്ത് തൃക്കരിപ്പൂര്‍ ഉടുമ്പുത്തല അങ്കണ്‍വാടി 3 14 8547617434 
12. കാഞ്ഞങ്ങാട് പനങ്കാവ് മുത്തപ്പ ക്ഷേത്രം 14 47 8547617418
വെള്ളരിക്കുണ്ട്
നമ്പര്‍ വില്ലേജ് ദുതിതാശ്വാസ ക്യാമ്പ് കുടുംബങ്ങളുടെ എണ്ണം ആളുടെ എണ്ണം ക്യാമ്പ് ഉദ്യോഗസ്ഥന്റെ നമ്പര്‍ 
1 പരപ്പ ക്ലായിക്കോട് ഫാം ഹൗസ് 1 4 9946546165 
2 പനത്തടി കമ്മാടി കമ്മ്യൂണിറ്റി ഹാള്‍ 10 55 8547617416 
3 മാലോത്ത് മാലോത്ത് കസബ സ്‌കൂള്‍ 6 22 8547617417. "
Resource Requests,"അട്ടപ്പാടിയിലെ ക്യാമ്പുകളിലേക്ക് താഴെ പറയുന്ന സാധനങ്ങള്‍ അടിയന്തരമായി ആവശ്യമുണ്ട്.
പുതപ്പ്
പായ
ഉപയോഗിക്കാന്‍ കഴിയുന്ന വസ്ത്രങ്ങള്‍ 
തലയിണ
മെഴുകുതിരി
ബിസ്ക്കറ്റുകള്‍
നാപ്കിനുകള്‍
അടിവസത്രങ്ങള്‍
ബ്രഡ്
നിഖില്‍. എം.സെഡ് - 8330080077"
Volunteering and Donations,നിങ്ങളുടെ അടുത്ത് ലഭ്യമായ സംഗതികളുടെ വിവരം ചേർക്കുക. പ്രവർത്തനക്ഷമമായ ഒരു ഫോൺ നമ്പർ നിർബന്ധമായി നൽകുക. ഞങ്ങൾ നിങ്ങളെ ബന്ധപ്പെടുന്നതാണ്
Resource Requests,"കോഴിക്കോട് മീഞ്ചന്ത ഗവ. ആർട്സ് & സയൻസ് കോളേജ് ദുരിതാശ്വാസ ക്യാമ്പായി പ്രവർത്തിക്കുന്നു. 2100ൽപ്പരം അന്തേവാസികളാണ് ഇപ്പോഴുള്ളത്. 
നാളത്തെക്ക്  ഭക്ഷണം ആവശ്യമുണ്ട്.
ക്ലീനിംഗ് ഐറ്റംസും ആവശ്യമുണ്ട്
സഹായം എത്തിക്കേണ്ടവർ വിളിക്കേണ്ട നമ്പർ:
9946773640
9946847682"
Volunteering and Donations,"തിരുവനന്തപുരം കളക്ഷൻ പോയിന്റ് അപ്ഡേറ്റുകൾ
തിരുവനന്തപുരം കളക്ഷൻ പോയിന്റുകൾ
11/08/2019

1. കോർപ്പറേഷൻ ഓഫീസ്, മ്യൂസിയത്തിന് സമീപം
   8590088599, 9961525100, 9946857197 (വോളണ്ടിയർമാർ)

2. യൂണിവേഴ്സിറ്റി സ്റ്റുഡന്റ് സെന്റർ, പി.എം.ജി
   9567302207, 9495181218, 8921189512

3. ലോ കോളേജ്, പി.എം.ജി

4. യൂണിവേഴ്സിറ്റി കോളേജ്, പാളയം
   9633153396

5. കേദാരം കോംപ്ലക്സ്, കേശവദാസപുരം

6. ടെക്നോപാർക്ക് (പ്രതിധ്വനി)

7. യൂണിവേഴ്സിറ്റി ക്യാമ്പസ്, കാര്യവട്ടം
   9895277257, 9037864445, 9447380333

8. ഗാന്ധി പാർക്ക്, ഈസ്റ്റ് ഫോർട്ട്
   8129868106, 9746256695, 9567093992

9. ഗവൺമെന്റ് മോഡൽ ജി.എച്ച്.എസ്, പട്ടം
   8921745499, 7012470137

10. എസ്.എൻ. കോളേജ്, ചെമ്പഴന്തി
    8129694119

11. വഴുതക്കാട് വിമൻസ് കോളേജിൽ തിരുവനന്തപുരം നഗരസഭ മേയറുടെ സാന്നിധ്യത്തിൽ PHEONIX, RELIFE2018, Signature of Nishagandhi എന്നീ സംഘടനകളുടെ കീഴിൽ കളക്ഷൻ സെന്റർ തുടങ്ങാൻ തീരുമാനിച്ചു.

12. പ്രസ് ക്ലബ്, തിരുവനന്തപുരം

13. ഭാരത് ഭവൻ, തൈക്കാട് – കേരള സംസ്ഥാന യുവജനക്ഷേമ ബോർഡ് ആരംഭിച്ചത്

14. ടീം (ആറാജ്) കളക്ഷൻ ക്യാമ്പ് @ TVM

15. മലയിൻകീഴ് ദ്വാരക ഓഡിറ്റോറിയം

16. തമ്പാനൂർ
    ജുമാ മസ്ജിദ് റോഡ്, പുത്തൻതോപ്പിന് സമീപം, കെ.എസ്.ആർ.ടി.സി ബസ് സ്റ്റാൻഡ്, തിരുവനന്തപുരം

17. നെടുമങ്ങാട്
    മുരുകാലയം ഹൗസ്, മുക്കോലക്കൽ, എൻ.ഡി.ഡി
    (എൻ.ഡി.ഡി – ആര്യനാട് റോഡ്)

ബന്ധപ്പെടുക (24×7):

* സജിത്ത് പൊട്ടൻകാവ്: 8301901956
* അഭിലാഷ് കുന്നപ്പുഴ: 9995129623
* അനന്ദു ജനസേവ: 8281618686
* വിനോദ് ശ്രീകുമാർ, നെടുമങ്ങാട്: 9847126771
* ഷാരോൺ, മലയിൻകീഴ്: 8606530223
* വൈശാഖ്, മലയിൻകീഴ്: 7907234113"
Situational Awareness,മലപ്പുറം ജില്ലയിൽ ഒറ്റപ്പെട്ടു പോയ ഇരുട്ടുകുത്തി കോളനിയുൾപ്പെടെയുള്ള പ്രദേശങ്ങളിൽ വ്യോമസേനയുടെ സഹായത്തോടെ എയർ ഡ്രോപ്പ് വഴി ഭക്ഷണം എത്തിച്ചു
Situational Awareness,"മഴയും, വെള്ളപ്പൊക്കവും, വെള്ളക്കെട്ടും ആരോഗ്യപ്രശ്നങ്ങളും. താഴെക്കൊടുത്ത ലിങ്കിൽ മനുഷ്യർക്ക് മനസ്സിലാവുന്ന രീതിയിൽ അറിഞ്ഞിരിക്കേണ്ട ആവശ്യം കാര്യങ്ങൾ  ലളിതമായി കൊടുത്തിട്ടുണ്ട്. കൂടുതൽ അപ്ഡേറ്റുകൾ പ്രതീക്ഷിക്കാം"
Volunteering and Donations,"ക്യാമ്പുകളിലേക്ക് വെള്ളം ആവശ്യമുള്ളവർ ശ്രദ്ധിക്കുക. 

ധാരാളം  വെള്ളവുമായി കോഴിക്കോട് ടൗണിൽ ലോറികൾ ഉണ്ട്. ആവശ്യമുള്ളവർ ബന്ധപ്പെടുക. "
Volunteering and Donations,ഒരുമ തൃശ്ശൂർ  സെന്റ് മേരീസ് കോളേജിൽ കളക്ഷൻ സെന്റർ ആരംഭിച്ചു കഴിഞ്ഞു. സുമനസുകളുടെ സഹായം ലഭിച്ചു തുടങ്ങി..മുഖ്യമായും മലബാർ പ്രദേശത്തേക്ക് സാധനങ്ങൾ എത്തിക്കാനാണ് ഉദ്ദേശിക്കുന്നത്. അവിടെ അവശ്യ സാധനങ്ങളുടെ ദൗർലഭ്യം നന്നായിട്ടുണ്ട്.സാധനങ്ങൾ കിട്ടുന്ന മുറയ്ക്ക് വണ്ടികൾ പുറപ്പെടുന്നതാണ്.. എല്ലാവരും സഹകരിക്കുക ... സഹായിക്കുക...ഒന്നിച്ചു നിൽകേണ്ട സമായമാണിത്.
Volunteering and Donations,"വടക്കഞ്ചേരി വള്ളിയോട് സെന്റ് മേരീസ്‌ ITCയിൽ  നിലവിൽ പ്രവർത്തിക്കുന്ന ക്യാമ്പിൽ ഉള്ള ദൈവദാൻ വൃദ്ധസദനത്തിലെ അമ്മമാർക്ക് ഇന്നലെ ഷെയർ ചെയ്ത പോസ്റ്റ്‌ പ്രകാരം ഉള്ള സഹായങ്ങൾ നിലവിൽ വിവിധ സോഴ്സുകളിൽ നിന്ന്  എത്തികൊണ്ടിരിക്കുന്നുണ്ട്...മറ്റാവശ്യങ്ങൾ അറിഞ്ഞു വരുന്നതേ ഉള്ളു...പോസ്റ്റ്‌ ശ്രദ്ധയിൽ പേട്ടയുടനെ തന്നെ ക്യാമ്പുമായി ബന്ധപ്പെട്ട അധികാരികൾ, സമൂഹത്തിന്റെ നാനാതുറകളിൽ നിന്ന് സഹായങ്ങൾ എത്താൻ കാരണമായി ആ പോസ്റ്റ്‌ ഷെയർ ചെയ്ത സെലിബ്രിറ്റികൾ എന്നിവർക്ക് ഒക്കെ നന്ദി പറയുന്നു...നിലവിൽ അവിടെയുള്ള പ്രശ്നങ്ങൾ ഒരു പരിധി വരെ പരിഹരിച്ചു പോകുന്നുണ്ട്... മറ്റ് ആവശ്യവസ്തുക്കൾ എന്തൊക്കെയാണ് എന്നതിനെ കുറിച്ച് മനസ്സിലാക്കി അത് എത്തിച്ചു കൊടുക്കുവാൻ ശ്രമിക്കുക"
Volunteering and Donations,"തിരുവനന്തപുരം
ഒരു പ്രധാന അറിയിപ്പാണ്.
കേരളത്തില്‍ ഏറ്റവുമധികം ദുരന്തമുണ്ടായ കവളപ്പാറ - നിലമ്പൂര്‍ മേഖലയിലേയ്ക്ക് തിരുവനന്തപുരം പ്രസ്സ് ക്ലബ്ബില്‍ നിന്ന് സാധനങ്ങള്‍ collect ചെയ്ത് വണ്ടി പോകുന്നുണ്ട്. വൈകുന്നേരം 3 മണി വരെ അവര്‍ collect ചെയ്യും.
നഗരപരിധിയ്ക്ക് അകത്തുള്ള ആര്‍ക്കെങ്കിലും പ്രസ്സ് ക്ലബ്ബ് വരെ വരാനുള്ള പ്രശ്നമുണ്ടെങ്കില്‍ എന്നെ ബന്ധപ്പെടാം. ഞങ്ങളത് പ്രസ്സ് ക്ലബ്ബില്‍ നിങ്ങള്‍ക്കു വേണ്ടി എത്തിയ്ക്കാന്‍ തയ്യാറാണ്."
Resource Requests,"നിലമ്പൂർ തവളപ്പാറ* എന്ന സ്ഥലത്തെ ക്യാമ്പിൽ സാധനങ്ങൾ ഒന്നും തന്നെയില്ല.. 
അനേകം കുട്ടികളും സ്ത്രീകളും എല്ലാമുള്ള ക്യാമ്പാണ്.. 
നാലു ഭാഗവും വെള്ളത്താൽ ചുറ്റപ്പെട്ട പ്രദേശമായതിനാൽ അങ്ങോട്ട് പുറത്തു നിന്നുള്ള വാഹനങ്ങൾക്ക് കടക്കാൻ കഴിയില്ല..
*ഇന്ന് ഉച്ചക്ക് എക്സൈസിന്റെ സഹായത്തോടെ അങ്ങോട്ട് പോകുന്നുണ്ട്*
സഹായം എത്തിക്കാൻ കഴിയുന്നവർ പെട്ടെന്ന് ബന്ധപ്പെടുക"
Resource Requests,"മഴയും വെള്ളവും ഒഴിഞ്ഞതിന് ശേഷം ഓരോ വീട്ടിലേക്കും നൽകേണ്ട കിറ്റ്.

തങ്ങളാൽ കഴിയുന്നത്ര കിറ്റുകൾ തയ്യാറാക്കി കളക്ഷൻ സെന്ററുകളിൽ ഏൽപ്പിക്കാവുന്നതാണ്.

ക്ലീനിംഗ് പ്രവർത്തന കിറ്റ്:

* വൈപ്പർ – 2 എണ്ണം
* ബക്കറ്റ് – 1 എണ്ണം
* മഗ് – 1 എണ്ണം
* ക്ലോറിൻ പൗഡർ – 500 ഗ്രാം
* ഡെറ്റോൾ – 500 മില്ലി
* ഗ്ലൗസ് – 2 സെറ്റ്
* മാസ്ക് – 2 സെറ്റ്
* തുണിക്കഷണങ്ങൾ
* ഈർക്കിൽ ചൂൽ – 1 മുതൽ 2 വരെ
* മാലിന്യ സഞ്ചി – 5 എണ്ണം
* വലിയ പ്ലാസ്റ്റിക് കവർ – 5 എണ്ണം
* പത്രം – 1 കെട്ട്"
Resource Requests,"മമ്പാട് കോളേജ് ദുരിതാശ്വാസ ക്യാമ്പിലേക്ക് പച്ചക്കറി, വെളിച്ചെണ്ണ, സൺഫ്ലവർഓയിൽ,  ഗ്ലാസ്, പ്ലേറ്റ്, വിറക്, ചകിരി ,ചിരട്ട, ക്ലീനിംഗ് സാധനങ്ങൾ, ബ്ലീച്ചിംഗ് പൗഡർ എന്നിവ ആവശ്യമുണ്ട്.
ബന്ധപ്പെടാനുള്ള നമ്പറുകൾ 
സമീർ ഖാൻ -9895805151
രാജേഷ് മോൻജി-9497343955
മൈന ഉമൈബാൻ - 9747114155
ഷിബു -9995483901
ലിൻഷാദ് -9747916930
മൈന ഉമൈബാൻ, മമ്പാട് കോളേജ്"
Resource Requests,"പ്രളയബാധിത പ്രദേശത്തെ ജനങ്ങൾക്ക് ഒപ്പം നിൽക്കാം..

മുഖ്യമന്ത്രിയുടെ ദുരിതാശ്വാസ നിധിയിലേക്ക് സംഭാവന ചെയ്യുക "
Volunteering and Donations,"കൈതാങ്ങാവാൻ ഒരു സഹായം

പ്രിയരേ,
പ്രളയത്തിൽ ദുരിതമനുഭവിക്കുന്നവരെ സഹായിക്കാൻ നമ്മളാൽ കഴിയുന്ന സഹായം നാം ചെയ്യേണ്ടതുണ്ട്. രണ്ട് രീതിയിലുള്ള സഹായമെത്തിക്കാൻ വള്ളുവങ്ങാട് ചലഞ്ചേഴ്‌സ് ക്ലബ് തീരുമാനിച്ചിട്ടുണ്ട്. വെള്ളം കയറിയ വീടുകളിൽ തിരിച്ചെത്താൻ അവ ക്ലീൻ ചെയ്യേണ്ടതുണ്ട്. അതിനുവേണ്ടി മറ്റെന്നാൾ (13-08-19) രാവിലെ നമ്മുടെ നാട്ടിൽ നിന്നും ഒരു ടീം നിലമ്പൂർ ഭാഗത്തേക്ക് പുറപ്പെടാൻ ആഗ്രഹിക്കുന്നു. താല്പര്യമുള്ളവർ ക്ലബ് ഭാരവാഹികളുമായി ബന്ധപ്പെടണം.
തിരിച്ചെത്തുന്നവർക്ക് ഭക്ഷണകിറ്റ് പോലുള്ളവ എത്തിക്കേണ്ടതുണ്ട്. ഇതിലേക്ക് സാമ്പത്തികമായും ആവശ്യ സാധനങ്ങൾ തന്നും സംഭാവന ചെയ്യാവുന്നതാണ്.
താല്പര്യമുള്ളവർ ബന്ധപ്പെടുക.
8943 035973, 9745 929258, 9847 050562, 8075 254461"
Resource Requests,"കോഴിക്കോട്ടുകാരേ സഹായിക്കാമോ?
ദുരിതമനുഭവിക്കുന്ന പ്രളയപ്രദേശങ്ങളിലേക്ക് ഇനിയും സാധനങ്ങൾ ആവശ്യമുണ്ട്. ഇന്ന് (12.08.19) വൈകീട്ട് 4 മണിക്ക് അടുത്ത ലോഡുമായ് വാഹനങ്ങൾ പോവുന്നുണ്ട്. അതിനു മുമ്പായി നിങ്ങളാൽ കഴിയുന്ന സാധനങ്ങൾ കോഴിക്കോട് ക്രിസ്ത്യൻ കോളേജിനു സമീപമുള്ള കളക്ഷൻ സെന്ററിൽ ഏൽപ്പിക്കാമോ
+91 9400058466, +91 9539753088"
Volunteering and Donations,പാലക്കാട് ഇൻഡോർ സ്റ്റേഡിയത്തിലെ കലക്ഷൻ സെന്ററിൽ നിന്ന് ആദ്യ കൺസൈൻമെൻറ് ലോഡിങ്ങ് ആരംഭിക്കുവാൻ പോകുന്നു. പരമാവധി വളണ്ടിയർമാർ 4.30 ഓടെ എത്തിയാൽ നന്നായിരിക്കും.
Volunteering and Donations,"വയനാട്ടിലെ തികച്ചും ഒറ്റപ്പെട്ടു കിടക്കുന്ന ആദിവാസി ഊരുകളിലേയ്ക്ക്‌ നേരിട്ട്‌ കാൽനടയായും അല്ലാതെയും സാധനങ്ങൾ എത്തിക്കുന്നുണ്ട്‌.
നാലുഭാഗങ്ങളും തികച്ചും വെള്ളത്താൽ ചുറ്റപ്പെട്ട്‌  ദിവസങ്ങളായി ഭക്ഷണം ഇല്ലാതെ ദുരിതം അനുഭവിക്കുന്ന മനുഷ്യർ വരെ ഇവിടെയുണ്ട്‌.
അത്തരം ഊരുകളെ Identify ചെയ്തിട്ടുണ്ട്‌.
അവർക്ക്‌ എത്രയും വേഗം സഹായങ്ങൾ ലഭ്യമാക്കണം. നിലവിൽ നമുക്ക്‌ കിട്ടിയിട്ടുള്ള സാധനസാമഗ്രികൾ ഇവർക്കെല്ലാം കൂടി കൊടുക്കാൻ അപര്യാപ്തമാണ്‌.
വയനാട്ടിലെ നടവയലിൽ ആണ്‌ കളക്ഷൻ സെന്റർ (8086359501)
കൂടാതെ കോഴിക്കോട്‌ കൃസ്ത്യൻ കോളേജിനടുത്തുള്ള കളക്ഷൻ സെന്ററിലും സാധങ്ങൾ ഏൽപ്പിക്കാവുന്നതാണ്‌ (‭7558885282‬).
എല്ലാവരും സഹായിക്കണം.."
Situational Awareness,"കോഴിക്കോട് ഫ്‌ളഡ് റിലീഫ് ഫോറം
9400058466
9539753088
കേരളം വീണ്ടും ഒരു മഴക്കെടുതിയെ അഭിമുഖീകരികുകയാണ്. വയനാട് നിലമ്പൂർ മേഖല ജനജീവിതം തകർന്നിരിക്കുകയാണ്. ഈ പ്രദേശങ്ങളിലെ മനുഷ്യരെ സഹായിക്കേണ്ടതുണ്ട്. വയനാടുള്ള സന്നദ്ധ പ്രവർത്തകരിൽ നിന്നും ലഭിക്കുന്ന വിവരം വയനാടുള്ള ആദിവാസി സഹോദരങ്ങളുടെ അവസ്ഥ പരിതാപകരമെന്നാണ്. ഇവരെ നമ്മളൊരുമിച്ച് കൈകോർത്ത് സഹായിക്കേണ്ടതുണ്ട്. ഇതിനായി കോഴിക്കോട് സാമൂഹ്യമേഖലകളിൽ പ്രവർത്തിക്കുന്ന സുഹൃത്തുക്കൾ ചേർന്ന കോഴിക്കോട് ഫ്ലഡ് റിലീഫ് ഫോറം എന്ന കളക്ഷൻ സെന്റർ മനോരമാജംക്ഷന് സമീപം ആരംഭിച്ചിട്ടുണ്ട്. കോഴിക്കോട് പരിസര പ്രദേശങ്ങളിലെ സുഹൃത്തുക്കൾ കൈയ്യയച്ച് സഹായിക്കണം. സാധനങ്ങൾ എത്തിച്ചു നൽകണമെന്ന് അഭ്യർത്ഥിക്കുന്നു. നമ്മൾ അതിജീവിക്കും ഒറ്റക്കെട്ടായ്"
Resource Requests,പാലക്കാട്ടെ കളക്ഷൻ സെന്ററായ ഇൻഡോർ സ്റ്റഡിയത്താണിപ്പോൾ. പറ്റാവുന്ന സഹായങ്ങൾ എത്തിക്കുമല്ലോ
Resource Requests,"കുടിവെള്ളം കിട്ടാനില്ല. 
കിണറുകളിൽ മാലിന്യം അടിഞ്ഞുകൂടി. 
പ്രാഥമിക ആവശ്യങ്ങൾ പോലും നടക്കുന്നില്ല 

കിണർ നന്നാക്കാൻ സന്നദ്ധരായവർ ഉണ്ടോ"
Resource Requests,"പ്രളയബാധിതര്‍ വീടുകളിലേക്ക് തിരിച്ചു പോയ്‌കൊണ്ടിരിക്കുകയാണ്. അവര്‍ക്കുള്ള അവശ്യ സാധനങ്ങളില്‍ ഒരു ഭക്ഷണം പാകം ചെയ്യാനാകുന്ന ഒരു പാത്രം എങ്കിലും നല്‍കേണ്ടതായിട്ടുണ്ട ബന്ധപ്പെടുക :9539753088,9400058466
കോഴിക്കോട് ഫ്‌ളഡ് റിലീഫ് ഫോറം കളക്ഷന്‍ സെന്റര്‍ (ക്രിസ്ത്യന്‍ കോളേജ് പരിസരം"
Volunteering and Donations,"കാക്കനാട് 70 പേർക്ക് താമസസ്ഥലം റെഡി അണ്.ദിവസേന പ്രളയം ബാധിച്ച സ്ഥലങ്ങളിൽ ഫുഡ് നൽകാറുണ്ട്.. സഹായം വേണ്ടവരും കൊടുക്കാൻ മനസ്സ് ഉള്ളവരും ഈ നമ്പരുകളില്‍ ബന്ധപ്പെടുക..
Arun- 9286400300
Visakh- 9048824337

വെരിഫൈഡ് ആണ്.."
Resource Requests,പെരിങ്ങൽക്കുത്ത് ഡാമിന്റെ ഷട്ടറുകളിൽ കുടുങ്ങിയ മരങ്ങളും തടസങ്ങളും മുറിച്ചുനീക്കാൻ KSEB അടിയന്തരമായി സൈന്യത്തിന്റെ സഹായം ആവശ്യപ്പെടുന്നു. ചാലക്കുടിയിലെ വെള്ളപ്പൊക്കം നിയന്ത്രിക്കുന്നത്  ഇത് അത്യാവശ്യമാണ് !
Resource Requests,"പ്രളയം മൂലം സർവ്വതും നഷ്ടപ്പെട്ട കുട്ടികൾക്കായി  ഞങ്ങൾ ബാഗ്, നോട്ട് ബുക്ക് മുതലായ സാധനങ്ങൾ കളക്ട് ചെയ്യുന്നു..സഹായം ചെയ്യാൻ ആഗ്രഹിക്കുന്നവർ ഞങ്ങളെ വിളിക്കൂ..

1.ബാഗ്
2.നോട്ട് ബുക്ക്
3.പേന
4.പെൻസിൽ
5.റബ്ബർ
6.കട്ടർ
7.ബോക്സ്..etc

അരുൺ രാജ്    9995890332"
Critical Rescue,പ്രളയം -അതി കഠിനം -സഹായം എത്തിക്കുക 
Critical Rescue,"പ്രളയം; അടിയന്തര ആവശ്യങ്ങള്‍ക്ക് സഹായം തേടാം 
അസാധാരണമായ സാഹചര്യങ്ങളെ നേരിട്ടുകൊണ്ടിരിക്കുകയാണ് കേരളം. അടിയന്തര സാഹചര്യങ്ങളില്‍ ബന്ധപ്പെടേണ്ട നമ്പറുകള്‍"
Volunteering and Donations,"ഹരിപ്പാടോ സമീപപ്രദേശങ്ങളിലോ  വെള്ളപ്പൊക്കം മൂലം കഷ്ടപ്പെടുന്നവർക്ക്  എന്ത് സഹായം വേണമെങ്കിലും  ഞങ്ങളെ  വിളിക്കാം...
1: +919400416222
2: +918129198584
3: +918606531323
4: +919446625216
5: +919744169954
6: +918157091956
7: +917012517201
8: +918943833123"
Resource Requests,"നമസ്തേ 

കേരളത്തിലെ പ്രളയം മൂലം തൊഴിൽ നഷ്ടപ്പെട്ട ഈ സഹോദരനെ സഹായിക്കുക. നിങ്ങളുടെ സഹായം അർഹിക്കുന്നവരുടെ കൈകളിൽ തന്നെയാണ് എത്തിച്ചേരുന്നത് എന്ന് ഉറപ്പാക്കാൻ സേവാഭാരതിയിലേക്ക്  നിങ്ങാളാല്‍ കഴിയുന്ന തരത്തില്‍ സഹായം എത്തിക്കുക."
